Term,LoanStatus,BorrowerRate,ProsperRating (numeric),ProsperScore,ListingCategory,BorrowerState,EmploymentStatus,EmploymentStatusDuration,IsBorrowerHomeowner,CreditScore,CurrentCreditLines,OpenCreditLines,TotalCreditLinespast7years,OpenRevolvingAccounts,OpenRevolvingMonthlyPayment,InquiriesLast6Months,TotalInquiries,CurrentDelinquencies,AmountDelinquent,DelinquenciesLast7Years,PublicRecordsLast10Years,PublicRecordsLast12Months,RevolvingCreditBalance,BankcardUtilization,AvailableBankcardCredit,TotalTrades,TradesNeverDelinquent (percentage),TradesOpenedLast6Months,DebtToIncomeRatio,IncomeVerifiable,StatedMonthlyIncome,TotalProsperLoans,TotalProsperPaymentsBilled,OnTimeProsperPayments,ProsperPaymentsLessThanOneMonthLate,ProsperPaymentsOneMonthPlusLate,ProsperPrincipalBorrowed,ProsperPrincipalOutstanding,LoanOriginalAmount,MonthlyLoanPayment,Recommendations,InvestmentFromFriendsCount,InvestmentFromFriendsAmount,Investors,YearsWithCredit
36,1,0.0789,7.0,9.0,Debt,VA,Employed,9.0,True,740.0,10.0,9.0,29.0,5,957.0,0.0,3.0,0.0,0.0,0.0,0.0,0.0,40632.0,0.7,17078.0,25.0,0.96,0.0,0.22,True,10416.666667,0.0,0.0,0.0,0.0,0.0,0.0,0.0,17300,541.24,0,0,0.0,169,20
36,0,0.145,4.0,6.0,Unknown,OR,Part-time,15.0,False,760.0,10.0,3.0,23.0,5,0.0,0.0,0.0,0.0,0.0,1.0,4.0,1.0,0.0,0.0,15000.0,22.0,0.81,0.0,327.0,False,0.0,0.0,0.0,0.0,0.0,0.0,0.0,0.0,9500,327.0,0,0,0.0,171,23
36,1,0.1707,4.0,6.0,Debt,UT,Full-time,22.0,True,680.0,16.0,11.0,41.0,7,318.0,9.0,27.0,0.0,0.0,0.0,0.0,0.0,8929.0,0.34,17143.0,36.0,0.91,2.0,0.15,True,5000.0,0.0,0.0,0.0,0.0,0.0,0.0,0.0,7200,256.95,0,0,0.0,216,16
36,1,0.083,7.0,9.0,Other,VA,Full-time,175.0,True,800.0,8.0,6.0,23.0,6,343.0,0.0,0.0,0.0,0.0,0.0,0.0,0.0,6420.0,0.0,5500.0,20.0,0.85,0.0,0.27,True,5000.0,0.0,0.0,0.0,0.0,0.0,0.0,0.0,4500,141.64,0,0,0.0,151,18
36,1,0.155,4.0,6.0,Debt,IL,Full-time,18.0,False,600.0,7.0,7.0,29.0,6,242.0,1.0,7.0,0.0,0.0,0.0,0.0,0.0,7376.0,0.97,116.0,8.0,0.87,0.0,0.65,True,2625.0,0.0,0.0,0.0,0.0,0.0,0.0,0.0,8000,277.14,0,0,0.0,140,14
36,1,0.2099,4.0,6.0,Other,IN,Employed,77.0,True,760.0,14.0,13.0,27.0,14,440.0,0.0,3.0,0.0,0.0,0.0,0.0,0.0,7274.0,0.67,2464.0,22.0,0.95,3.0,0.26,True,4992.666667,0.0,0.0,0.0,0.0,0.0,0.0,0.0,4000,150.68,0,0,0.0,74,22
36,1,0.095,7.0,9.0,Auto,MI,Full-time,43.0,True,820.0,8.0,8.0,17.0,6,15.0,0.0,1.0,0.0,0.0,0.0,0.0,0.0,3313.0,0.13,21187.0,16.0,0.93,0.0,0.11,True,4583.333333,1.0,14.0,14.0,0.0,0.0,10000.0,5584.95,6000,192.2,0,0,0.0,216,21
36,1,0.067,4.0,6.0,Business,PA,Full-time,40.0,False,780.0,13.0,13.0,30.0,13,73.0,0.0,1.0,0.0,0.0,0.0,0.0,0.0,1664.0,0.03,46872.0,22.0,1.0,0.0,0.23,True,2216.666667,0.0,0.0,0.0,0.0,0.0,0.0,0.0,1250,38.43,0,0,0.0,70,14
36,1,0.133,4.0,6.0,Unknown,MD,Self-employed,5.0,True,680.0,9.0,5.0,26.0,5,89.0,10.0,24.0,0.0,0.0,0.0,0.0,0.0,4780.0,0.8,900.0,21.0,0.57,2.0,0.04,True,8433.333333,0.0,0.0,0.0,0.0,0.0,0.0,0.0,8000,270.71,0,0,0.0,242,24
36,1,0.1,4.0,6.0,Personal,NY,Full-time,42.0,True,820.0,9.0,9.0,24.0,8,55.0,1.0,1.0,0.0,0.0,0.0,0.0,0.0,5212.0,0.03,84902.0,21.0,1.0,1.0,0.05,True,16666.666666999998,0.0,0.0,0.0,0.0,0.0,0.0,0.0,25000,797.25,0,0,0.0,730,30
36,1,0.2699,3.0,7.0,Other,PA,Full-time,72.0,True,700.0,13.0,10.0,35.0,5,1722.0,0.0,2.0,0.0,0.0,57.0,0.0,0.0,196026.0,0.94,11243.0,32.0,0.46,0.0,0.12,True,18750.0,0.0,0.0,0.0,0.0,0.0,0.0,0.0,5000,204.1,0,0,0.0,50,27
36,1,0.155,4.0,6.0,Debt,GA,Full-time,22.0,False,600.0,8.0,8.0,19.0,7,196.0,1.0,6.0,0.0,0.0,11.0,0.0,0.0,3992.0,0.86,570.0,17.0,0.72,0.0,0.12,True,4250.0,1.0,18.0,18.0,0.0,0.0,3001.0,1677.7,6000,184.74,0,0,0.0,116,15
36,1,0.3199,2.0,4.0,Debt,AZ,Employed,32.0,True,700.0,4.0,4.0,13.0,2,467.0,3.0,8.0,0.0,0.0,0.0,0.0,0.0,126277.0,0.91,322.0,11.0,1.0,1.0,0.21,True,2666.666667,0.0,0.0,0.0,0.0,0.0,0.0,0.0,3500,152.42,0,0,0.0,20,22
36,1,0.0649,7.0,10.0,Taxes,NV,Other,146.0,True,800.0,14.0,13.0,18.0,14,172.0,1.0,3.0,0.0,0.0,0.0,0.0,0.0,7058.0,0.07,85042.0,18.0,1.0,2.0,0.14,True,5916.666667,0.0,0.0,0.0,0.0,0.0,0.0,0.0,22000,674.18,0,0,0.0,471,27
36,0,0.29,4.0,6.0,Unknown,CA,Full-time,358.0,False,520.0,1.0,1.0,17.0,0,0.0,7.0,10.0,4.0,11230.0,8.0,1.0,1.0,0.0,0.0,0.0,17.0,0.7,0.0,0.1,True,5171.166667,0.0,0.0,0.0,0.0,0.0,0.0,0.0,4075,170.77,0,0,0.0,2,36
36,1,0.1524,4.0,6.0,Unknown,FL,Full-time,11.0,False,640.0,12.0,11.0,16.0,9,363.0,0.0,1.0,0.0,0.0,0.0,0.0,0.0,9678.0,0.68,2444.0,16.0,1.0,0.0,0.28,True,2666.666667,0.0,0.0,0.0,0.0,0.0,0.0,0.0,6500,226.09,1,1,325.0,104,16
36,1,0.2786,2.0,5.0,Debt,FL,Employed,54.0,False,660.0,18.0,18.0,27.0,18,872.0,1.0,4.0,0.0,0.0,1.0,0.0,0.0,21188.0,0.5,11581.0,26.0,0.92,3.0,0.32,True,6666.666667,0.0,0.0,0.0,0.0,0.0,0.0,0.0,10000,412.88,0,0,0.0,126,20
36,1,0.09,4.0,6.0,Unknown,MO,Full-time,0.0,True,740.0,16.0,11.0,41.0,11,198.0,7.0,20.0,0.0,0.0,0.0,0.0,0.0,9828.0,0.69,2735.0,38.0,0.92,2.0,0.13,True,7500.0,0.0,0.0,0.0,0.0,0.0,0.0,0.0,7500,238.5,1,1,500.0,173,21
36,1,0.1105,4.0,6.0,Personal,NC,Full-time,365.0,False,680.0,3.0,3.0,15.0,3,64.0,2.0,3.0,0.0,0.0,6.0,1.0,0.0,2368.0,0.61,1482.0,13.0,0.84,1.0,0.21,True,2333.333333,0.0,0.0,0.0,0.0,0.0,0.0,0.0,1000,32.76,0,0,0.0,13,29
36,1,0.109,4.0,6.0,Auto,NY,Full-time,132.0,False,680.0,6.0,6.0,14.0,5,434.0,1.0,4.0,0.0,0.0,0.0,0.0,0.0,12388.0,0.67,6012.0,13.0,1.0,1.0,0.21,True,2750.0,1.0,6.0,6.0,0.0,0.0,2700.0,2221.55,2000,65.38,0,0,0.0,51,16
36,0,0.35,4.0,6.0,Debt,ME,Full-time,86.0,True,580.0,22.0,20.0,33.0,15,531.0,3.0,13.0,0.0,0.0,0.0,0.0,0.0,17769.0,0.82,3749.0,30.0,0.96,1.0,0.28,True,5458.333333,0.0,0.0,0.0,0.0,0.0,0.0,0.0,2000,90.47,0,0,0.0,25,19
36,1,0.35,4.0,6.0,Debt,CT,Full-time,81.0,True,540.0,10.0,9.0,21.0,5,154.0,4.0,29.0,0.0,0.0,1.0,1.0,0.0,4893.0,0.87,707.0,18.0,0.77,1.0,0.13,True,6916.666667,0.0,0.0,0.0,0.0,0.0,0.0,0.0,2700,87.59,0,0,0.0,24,21
36,1,0.071,7.0,10.0,Debt,LA,Full-time,84.0,True,760.0,8.0,8.0,27.0,7,304.0,0.0,0.0,0.0,0.0,2.0,0.0,0.0,44685.0,0.55,35415.0,21.0,0.9,0.0,0.06,True,4500.0,0.0,0.0,0.0,0.0,0.0,0.0,0.0,3000,92.77,0,0,0.0,110,35
36,0,0.2699,3.0,8.0,Other,CT,Employed,196.0,False,640.0,1.0,1.0,29.0,1,17.0,0.0,1.0,0.0,0.0,7.0,1.0,0.0,932.0,0.93,68.0,20.0,0.65,0.0,0.08,True,3500.0,0.0,0.0,0.0,0.0,0.0,0.0,0.0,2500,102.05,0,0,0.0,51,20
36,0,0.1627,4.0,6.0,Debt,FL,Full-time,109.0,True,680.0,10.0,9.0,20.0,8,394.0,3.0,10.0,0.0,0.0,0.0,0.0,0.0,20679.0,0.96,721.0,19.0,1.0,0.0,0.23,True,2500.0,0.0,0.0,0.0,0.0,0.0,0.0,0.0,5000,176.45,0,0,0.0,150,20
36,1,0.0615,4.0,6.0,Debt,OR,Full-time,58.0,False,780.0,5.0,5.0,7.0,5,83.0,0.0,0.0,0.0,0.0,0.0,0.0,0.0,1662.0,0.02,65538.0,6.0,0.83,0.0,0.09,True,1541.666667,0.0,0.0,0.0,0.0,0.0,0.0,0.0,2000,60.98,0,0,0.0,55,15
36,1,0.2625,3.0,7.0,Student,OH,Full-time,8.0,False,640.0,4.0,4.0,13.0,5,86.0,0.0,0.0,0.0,0.0,1.0,0.0,0.0,2555.0,0.57,1880.0,7.0,0.57,0.0,0.0771288388292075,False,1833.3333329999998,0.0,0.0,0.0,0.0,0.0,0.0,0.0,3500,141.48,0,0,0.0,100,10
36,1,0.106,4.0,6.0,Business,FL,Full-time,12.0,False,740.0,8.0,5.0,12.0,3,451.0,0.0,1.0,0.0,0.0,0.0,0.0,0.0,14002.0,0.82,2998.0,12.0,0.91,1.0,0.35,True,3333.333333,1.0,18.0,18.0,0.0,0.0,5000.0,2191.48,7000,227.85,0,0,0.0,315,26
36,1,0.085,4.0,6.0,Personal,FL,Retired,76.0,False,760.0,9.0,9.0,13.0,8,100.0,0.0,2.0,0.0,0.0,1.0,0.0,0.0,694.0,0.0,43000.0,11.0,0.9,2.0,0.32,True,1000.0,1.0,11.0,11.0,0.0,0.0,4000.0,0.0,3000,94.7,0,0,0.0,72,40
36,1,0.3199,2.0,5.0,Other,NH,Employed,64.0,False,660.0,1.0,1.0,5.0,0,0.0,0.0,0.0,1.0,0.0,22.0,0.0,0.0,0.0,0.0,0.0,4.0,0.75,0.0,0.06,True,5000.0,0.0,0.0,0.0,0.0,0.0,0.0,0.0,4000,174.2,0,0,0.0,57,13
36,1,0.143,4.0,6.0,Personal,CA,Full-time,29.0,False,620.0,8.0,7.0,11.0,7,393.0,1.0,2.0,0.0,0.0,0.0,0.0,0.0,12710.0,0.88,880.0,11.0,1.0,1.0,0.35,True,1879.6666670000002,0.0,0.0,0.0,0.0,0.0,0.0,0.0,7500,256.4,1,0,0.0,175,11
36,1,0.2552,3.0,6.0,Taxes,IL,Self-employed,108.0,False,700.0,3.0,3.0,34.0,3,88.0,0.0,2.0,1.0,130.0,33.0,1.0,0.0,1822.0,0.18,7878.0,32.0,0.66,1.0,0.06404575267957127,False,6250.0,0.0,0.0,0.0,0.0,0.0,0.0,0.0,10000,400.35,0,0,0.0,133,16
36,1,0.3499,4.0,6.0,Debt,NY,Full-time,17.0,True,560.0,10.0,8.0,28.0,5,515.0,4.0,18.0,0.0,0.0,4.0,1.0,0.0,30975.0,0.99,564.0,23.0,0.83,0.0,0.28,True,2666.666667,0.0,0.0,0.0,0.0,0.0,0.0,0.0,1000,45.23,0,0,0.0,16,19
36,1,0.1799,4.0,8.0,Other,CA,Employed,0.0,False,640.0,7.0,5.0,10.0,3,288.0,0.0,5.0,0.0,0.0,0.0,0.0,0.0,9590.0,0.93,557.0,8.0,1.0,0.0,0.12,True,10416.666667,1.0,6.0,6.0,0.0,0.0,1500.0,0.0,2000,72.29,0,0,0.0,35,7
36,0,0.3177,1.0,4.0,Auto,TX,Employed,94.0,False,700.0,2.0,2.0,3.0,2,50.0,1.0,1.0,0.0,0.0,0.0,0.0,0.0,894.0,0.0,0.0,3.0,0.66,0.0,0.08,True,2691.666667,0.0,0.0,0.0,0.0,0.0,0.0,0.0,4000,173.71,0,0,0.0,34,9
36,1,0.0974,6.0,9.0,Debt,CA,Employed,295.0,True,760.0,12.0,12.0,33.0,12,650.0,0.0,4.0,0.0,0.0,2.0,0.0,0.0,19671.0,0.76,6012.0,32.0,0.96,1.0,0.18,True,4166.666667,1.0,3.0,3.0,0.0,0.0,4000.0,0.0,3500,112.51,0,0,0.0,37,22
36,0,0.0835,6.0,10.0,Other,GA,Full-time,122.0,False,700.0,7.0,6.0,16.0,5,451.0,0.0,1.0,0.0,0.0,0.0,0.0,0.0,14261.0,0.64,5654.0,16.0,0.93,0.0,0.39,True,2369.5,0.0,0.0,0.0,0.0,0.0,0.0,0.0,1000,31.5,0,0,0.0,39,25
36,0,0.2225,4.0,6.0,Unknown,MD,Full-time,17.0,True,700.0,12.0,9.0,51.0,7,87.0,2.0,11.0,0.0,0.0,3.0,0.0,0.0,20388.0,1.0,66.0,35.0,0.8,1.0,0.49,True,2860.0,0.0,0.0,0.0,0.0,0.0,0.0,0.0,15500,593.96,0,0,0.0,134,18
36,1,0.18,4.0,6.0,Unknown,AZ,Part-time,13.0,False,700.0,10.0,9.0,30.0,8,152.0,2.0,8.0,2.0,3914.0,11.0,1.0,0.0,60.0,0.0,17483.0,28.0,0.68,1.0,0.24,True,2000.0,0.0,0.0,0.0,0.0,0.0,0.0,0.0,1500,54.23,0,0,0.0,14,24
36,1,0.1926,4.0,6.0,Personal,IN,Full-time,28.0,True,660.0,3.0,3.0,17.0,1,0.0,1.0,9.0,1.0,0.0,9.0,1.0,0.0,0.0,0.0,300.0,12.0,0.42,0.0,0.07,True,3033.333333,1.0,6.0,6.0,0.0,0.0,1000.0,0.0,5000,183.94,1,1,100.0,44,21
36,1,0.132,4.0,6.0,Unknown,OR,Full-time,288.0,True,800.0,11.0,11.0,27.0,9,259.0,1.0,5.0,0.0,0.0,1.0,0.0,0.0,22587.0,0.25,63617.0,27.0,0.92,0.0,0.15,True,5333.333333,0.0,0.0,0.0,0.0,0.0,0.0,0.0,1500,50.69,0,0,0.0,10,26
36,1,0.139,4.0,6.0,Unknown,CA,Full-time,65.0,False,640.0,11.0,7.0,24.0,8,524.0,6.0,11.0,0.0,0.0,0.0,0.0,0.0,9756.0,0.68,4555.0,19.0,0.84,2.0,0.19,True,3333.333333,0.0,0.0,0.0,0.0,0.0,0.0,0.0,2600,88.74,0,0,0.0,53,17
36,0,0.2,4.0,6.0,Reno,OK,Full-time,251.0,False,660.0,3.0,3.0,16.0,1,0.0,1.0,2.0,0.0,0.0,27.0,0.0,0.0,0.0,0.0,0.0,7.0,0.57,0.0,0.14850149850149852,False,1000.0,0.0,0.0,0.0,0.0,0.0,0.0,0.0,4000,148.65,1,1,2000.0,98,21
36,1,0.1774,4.0,8.0,Taxes,MI,Employed,51.0,True,680.0,6.0,6.0,16.0,5,125.0,1.0,2.0,1.0,367.0,2.0,0.0,0.0,58614.0,0.76,17711.0,15.0,0.86,1.0,0.06,True,7083.333333,0.0,0.0,0.0,0.0,0.0,0.0,0.0,9500,342.21,0,0,0.0,16,17
36,1,0.15,4.0,6.0,Personal,GA,Self-employed,131.0,True,680.0,5.0,4.0,18.0,4,40.0,11.0,15.0,3.0,2535.0,99.0,0.0,0.0,101.0,0.2,399.0,13.0,0.46,2.0,0.06,True,8166.666667,0.0,0.0,0.0,0.0,0.0,0.0,0.0,3100,107.46,0,0,0.0,96,40
36,1,0.3127,1.0,5.0,Debt,NC,Employed,141.0,False,680.0,1.0,1.0,22.0,0,0.0,1.0,1.0,3.0,584.0,12.0,0.0,0.0,0.0,0.0,0.0,15.0,0.66,0.0,0.16,True,2833.333333,0.0,0.0,0.0,0.0,0.0,0.0,0.0,4000,172.6,0,0,0.0,105,24
36,0,0.3435,2.0,5.0,Other,NJ,Employed,31.0,False,660.0,9.0,8.0,15.0,8,168.0,4.0,4.0,0.0,0.0,0.0,0.0,0.0,5096.0,0.63,2880.0,14.0,1.0,2.0,0.26,True,3166.666667,0.0,0.0,0.0,0.0,0.0,0.0,0.0,6000,269.21,0,0,0.0,188,15
36,1,0.0805,4.0,6.0,Personal,ID,Part-time,63.0,False,740.0,3.0,3.0,5.0,3,17.0,0.0,1.0,0.0,0.0,0.0,0.0,0.0,885.0,0.08,9115.0,5.0,1.0,0.0,0.06,True,833.333333,0.0,0.0,0.0,0.0,0.0,0.0,0.0,1000,31.36,0,0,0.0,42,10
36,1,0.1799,4.0,8.0,Debt,MA,Employed,5.0,False,660.0,12.0,12.0,35.0,6,73.0,0.0,1.0,0.0,0.0,0.0,0.0,0.0,15226.0,0.88,1980.0,25.0,0.96,0.0,0.11,True,3750.0,1.0,28.0,28.0,0.0,0.0,2000.0,518.76,3000,108.44,0,0,0.0,25,14
36,1,0.1515,4.0,6.0,Debt,CA,Full-time,7.0,False,640.0,2.0,2.0,2.0,1,15.0,1.0,10.0,0.0,0.0,0.0,0.0,0.0,547.0,0.68,253.0,2.0,1.0,0.0,0.31,True,1330.0,0.0,0.0,0.0,0.0,0.0,0.0,0.0,5000,173.69,0,0,0.0,105,9
36,1,0.07,4.0,6.0,Unknown,OH,Full-time,43.0,False,760.0,12.0,11.0,36.0,12,70.0,0.0,3.0,2.0,290.0,7.0,1.0,0.0,516.0,0.0,4278.0,27.0,0.67,2.0,0.14,True,3583.333333,0.0,0.0,0.0,0.0,0.0,0.0,0.0,1500,46.32,0,0,0.0,38,20
36,0,0.2895,4.0,6.0,Unknown,GA,Full-time,150.0,True,620.0,6.0,8.0,36.0,3,113.0,7.0,12.0,8.0,30453.0,17.0,0.0,0.0,2185.0,0.45,546.0,27.0,0.57,0.0,0.16,True,5919.916667,0.0,0.0,0.0,0.0,0.0,0.0,0.0,12000,502.54,1,1,400.0,129,19
36,1,0.35,1.0,4.0,Auto,CA,Full-time,33.0,False,660.0,5.0,5.0,10.0,3,25.0,2.0,6.0,0.0,0.0,0.0,0.0,0.0,548.0,0.82,86.0,7.0,0.77,1.0,0.19,True,1250.0,1.0,23.0,23.0,0.0,0.0,1000.0,424.82,2000,90.47,0,0,0.0,49,8
36,1,0.29,4.0,6.0,Unknown,UT,Full-time,21.0,False,540.0,2.0,3.0,20.0,4,57.0,1.0,5.0,5.0,18138.0,32.0,4.0,0.0,1092.0,1.28,0.0,16.0,0.52,0.0,0.07,True,2166.666667,0.0,0.0,0.0,0.0,0.0,0.0,0.0,2100,0.0,0,0,0.0,22,19
12,1,0.1,5.0,8.0,Other,CA,Employed,258.0,False,660.0,5.0,5.0,34.0,3,107.0,0.0,0.0,0.0,0.0,11.0,1.0,0.0,2384.0,0.86,366.0,30.0,0.63,0.0,0.14,True,9666.666667,0.0,0.0,0.0,0.0,0.0,0.0,0.0,2500,219.79,0,0,0.0,44,21
36,1,0.2786,2.0,3.0,Auto,FL,Employed,12.0,False,620.0,12.0,10.0,26.0,10,282.0,5.0,8.0,1.0,88.0,0.0,0.0,0.0,3447.0,0.76,728.0,24.0,0.92,2.0,0.31,True,1666.666667,2.0,53.0,53.0,0.0,0.0,2000.0,0.03,2000,82.58,0,0,0.0,1,9
36,1,0.1899,4.0,6.0,Other,MD,Employed,4.0,False,660.0,14.0,6.0,29.0,5,255.0,1.0,2.0,0.0,0.0,0.0,0.0,0.0,10542.0,0.76,3104.0,27.0,1.0,0.0,0.22,True,3500.0,3.0,42.0,42.0,0.0,0.0,14000.0,0.0,2000,73.3,0,0,0.0,26,15
36,1,0.1985,4.0,6.0,Debt,WV,Full-time,78.0,True,680.0,14.0,12.0,50.0,10,269.0,4.0,12.0,0.0,0.0,0.0,1.0,0.0,5023.0,0.85,590.0,46.0,0.95,3.0,0.49,True,3887.5,0.0,0.0,0.0,0.0,0.0,0.0,0.0,5000,185.44,0,0,0.0,104,23
36,1,0.2599,3.0,6.0,Debt,GA,Employed,178.0,True,720.0,14.0,14.0,23.0,11,571.0,1.0,1.0,0.0,0.0,0.0,1.0,0.0,19642.0,0.66,9488.0,20.0,1.0,0.0,0.29,True,3500.0,0.0,0.0,0.0,0.0,0.0,0.0,0.0,6000,241.71,0,0,0.0,15,23
36,0,0.2049,4.0,7.0,Debt,PA,Employed,11.0,False,640.0,3.0,3.0,10.0,1,15.0,2.0,3.0,0.0,0.0,28.0,0.0,0.0,27.0,0.09,273.0,8.0,0.62,2.0,0.13,True,2400.0,0.0,0.0,0.0,0.0,0.0,0.0,0.0,2500,93.53,0,0,0.0,46,12
36,1,0.1685,4.0,4.0,Debt,VA,Employed,32.0,False,660.0,8.0,7.0,16.0,6,168.0,1.0,1.0,0.0,0.0,2.0,1.0,0.0,4566.0,0.43,5242.0,13.0,0.92,1.0,0.24,True,2833.333333,0.0,0.0,0.0,0.0,0.0,0.0,0.0,4500,160.1,0,0,0.0,2,12
36,0,0.2599,3.0,6.0,Debt,NY,Employed,64.0,False,640.0,7.0,6.0,25.0,6,50.0,5.0,8.0,2.0,1266.0,38.0,1.0,0.0,1630.0,0.15,7763.0,10.0,0.83,2.0,0.08,True,6000.0,0.0,0.0,0.0,0.0,0.0,0.0,0.0,4000,161.14,0,0,0.0,74,49
36,0,0.171,4.0,6.0,Debt,CA,Full-time,69.0,True,640.0,8.0,9.0,20.0,5,285.0,0.0,4.0,2.0,382.0,1.0,0.0,0.0,6097.0,0.89,500.0,15.0,0.68,1.0,0.32,True,5220.583333,0.0,0.0,0.0,0.0,0.0,0.0,0.0,10000,357.03,0,0,0.0,255,19
36,0,0.25,4.0,6.0,Unknown,GA,Full-time,64.0,True,620.0,23.0,20.0,37.0,14,673.0,4.0,12.0,0.0,0.0,0.0,3.0,0.0,16280.0,0.71,5397.0,33.0,0.93,4.0,0.44,True,6462.5,0.0,0.0,0.0,0.0,0.0,0.0,0.0,15000,596.4,0,0,0.0,203,20
60,1,0.2398,4.0,4.0,Debt,TN,Employed,89.0,True,720.0,8.0,6.0,20.0,5,299.0,2.0,4.0,0.0,0.0,0.0,0.0,0.0,13559.0,0.47,14941.0,17.0,1.0,1.0,0.12,True,4666.666667,0.0,0.0,0.0,0.0,0.0,0.0,0.0,9500,273.19,0,0,0.0,121,13
36,1,0.21,4.0,6.0,Unknown,TX,Self-employed,12.0,True,600.0,14.0,13.0,31.0,8,903.0,7.0,20.0,0.0,0.0,0.0,0.0,0.0,64758.0,0.98,1253.0,26.0,0.96,1.0,10.01,False,0.083333,0.0,0.0,0.0,0.0,0.0,0.0,0.0,11000,358.89,0,0,0.0,224,18
36,0,0.3495,1.0,3.0,Other,SC,Full-time,33.0,False,640.0,12.0,10.0,27.0,8,177.0,3.0,6.0,4.0,671.0,0.0,0.0,0.0,3472.0,0.68,1119.0,19.0,0.69,3.0,0.22,True,5000.0,0.0,0.0,0.0,0.0,0.0,0.0,0.0,3000,135.62,1,1,25.0,40,17
60,1,0.2319,4.0,5.0,Debt,MO,Employed,47.0,False,660.0,11.0,10.0,27.0,4,182.0,0.0,1.0,0.0,0.0,0.0,1.0,0.0,7557.0,0.89,843.0,21.0,0.95,1.0,0.3,True,6333.333333,0.0,0.0,0.0,0.0,0.0,0.0,0.0,15000,424.5,0,0,0.0,1,28
36,1,0.267,4.0,6.0,Debt,IL,Full-time,53.0,False,640.0,12.0,12.0,24.0,13,1262.0,0.0,2.0,0.0,0.0,0.0,0.0,0.0,69100.0,0.62,39000.0,24.0,1.0,2.0,0.26,True,5000.0,0.0,0.0,0.0,0.0,0.0,0.0,0.0,1200,48.8,0,0,0.0,15,23
36,1,0.0944,4.0,6.0,Personal,CA,Part-time,31.0,False,740.0,2.0,2.0,2.0,2,25.0,0.0,2.0,0.0,0.0,0.0,0.0,0.0,133.0,0.03,3467.0,2.0,1.0,0.0,0.17,True,816.666667,0.0,0.0,0.0,0.0,0.0,0.0,0.0,3500,112.02,0,0,0.0,158,9
36,1,0.1509,5.0,5.0,Debt,CA,Employed,36.0,False,700.0,11.0,10.0,39.0,7,241.0,1.0,2.0,0.0,0.0,0.0,1.0,0.0,6137.0,0.42,5946.0,32.0,1.0,0.0,0.21,True,6583.333333,0.0,0.0,0.0,0.0,0.0,0.0,0.0,5500,190.9,0,0,0.0,3,15
36,1,0.23,4.0,6.0,Unknown,Unknown,Full-time,11.0,False,520.0,12.0,11.0,18.0,9,325.0,2.0,24.0,1.0,0.0,0.0,0.0,0.0,5050.0,0.91,387.0,14.0,0.93,1.0,0.37,True,2666.666667,0.0,0.0,0.0,0.0,0.0,0.0,0.0,3000,116.13,0,0,0.0,61,12
36,1,0.179,4.0,6.0,Debt,CA,Full-time,12.0,False,660.0,5.0,5.0,13.0,2,96.0,0.0,8.0,1.0,0.0,0.0,0.0,0.0,3768.0,0.83,732.0,12.0,1.0,0.0,0.16,True,4250.0,0.0,0.0,0.0,0.0,0.0,0.0,0.0,2700,95.01,0,0,0.0,113,15
36,1,0.1999,4.0,8.0,Debt,IL,Employed,135.0,True,660.0,8.0,8.0,15.0,5,215.0,0.0,1.0,0.0,0.0,0.0,0.0,0.0,5401.0,0.75,1588.0,15.0,0.93,1.0,0.12,True,7833.333333,0.0,0.0,0.0,0.0,0.0,0.0,0.0,7500,278.69,0,0,0.0,157,13
36,1,0.1045,4.0,6.0,Personal,WV,Full-time,176.0,False,660.0,9.0,3.0,25.0,2,108.0,0.0,1.0,0.0,0.0,0.0,0.0,0.0,5166.0,0.78,1434.0,24.0,1.0,1.0,0.16,True,2166.666667,1.0,8.0,8.0,0.0,0.0,4300.0,3441.11,3100,100.68,0,0,0.0,60,27
60,0,0.1396,6.0,8.0,Debt,AL,Employed,72.0,True,780.0,13.0,12.0,30.0,9,477.0,0.0,5.0,0.0,0.0,0.0,0.0,0.0,8837.0,0.2,34563.0,28.0,1.0,1.0,0.55,True,2916.666667,0.0,0.0,0.0,0.0,0.0,0.0,0.0,23000,534.69,0,0,0.0,96,14
36,1,0.13,4.0,6.0,Auto,IL,Full-time,40.0,False,700.0,7.0,6.0,10.0,6,88.0,0.0,0.0,0.0,0.0,0.0,0.0,0.0,1641.0,0.4,2316.0,7.0,0.71,0.0,0.26,True,1000.0,0.0,0.0,0.0,0.0,0.0,0.0,0.0,5000,168.47,1,0,0.0,117,10
36,0,0.1715,4.0,6.0,Business,CA,Full-time,167.0,True,700.0,17.0,11.0,48.0,11,1690.0,2.0,8.0,0.0,0.0,0.0,0.0,0.0,129542.0,0.94,8566.0,44.0,1.0,3.0,0.22,True,6666.666667,0.0,0.0,0.0,0.0,0.0,0.0,0.0,7500,267.96,0,0,0.0,260,28
60,1,0.2085,5.0,8.0,Household,FL,Employed,22.0,False,740.0,6.0,6.0,36.0,5,245.0,0.0,3.0,0.0,0.0,0.0,0.0,0.0,8183.0,0.45,8600.0,30.0,1.0,0.0,0.35,True,3333.333333,0.0,0.0,0.0,0.0,0.0,0.0,0.0,6000,161.81,0,0,0.0,20,17
36,1,0.1195,7.0,9.0,Debt,CT,Full-time,252.0,True,800.0,9.0,9.0,40.0,8,1851.0,0.0,3.0,0.0,0.0,0.0,0.0,0.0,49531.0,0.72,14185.0,40.0,1.0,0.0,0.27,True,6083.333333,0.0,0.0,0.0,0.0,0.0,0.0,0.0,8500,282.12,0,0,0.0,216,19
36,1,0.1025,4.0,6.0,Debt,MO,Full-time,79.0,True,740.0,18.0,14.0,36.0,12,114.0,2.0,10.0,0.0,0.0,0.0,0.0,0.0,10658.0,0.18,47942.0,33.0,1.0,3.0,0.1,True,3333.333333,0.0,0.0,0.0,0.0,0.0,0.0,0.0,6500,210.5,0,0,0.0,244,31
36,1,0.248,4.0,6.0,Debt,UT,Full-time,113.0,False,700.0,9.0,8.0,16.0,8,597.0,6.0,7.0,0.0,0.0,0.0,2.0,0.0,36210.0,0.48,38408.0,15.0,1.0,0.0,0.17,True,4250.0,0.0,0.0,0.0,0.0,0.0,0.0,0.0,3600,142.75,0,0,0.0,51,19
36,1,0.115,4.0,6.0,Other,KY,Full-time,11.0,False,720.0,4.0,3.0,6.0,2,0.0,2.0,3.0,0.0,0.0,0.0,0.0,0.0,0.0,0.0,11400.0,6.0,1.0,1.0,0.13,True,7916.666667,1.0,6.0,6.0,0.0,0.0,17000.0,11485.78,13000,428.69,0,0,0.0,333,15
60,1,0.2699,3.0,5.0,Debt,CA,Full-time,131.0,False,700.0,9.0,7.0,21.0,5,310.0,2.0,9.0,0.0,0.0,0.0,0.0,0.0,15603.0,0.21,34506.0,14.0,1.0,2.0,0.62,True,2666.666667,2.0,34.0,34.0,0.0,0.0,12000.0,0.02,10000,305.29,0,0,0.0,125,20
36,0,0.23,4.0,6.0,Unknown,MI,Full-time,3.0,False,600.0,16.0,12.0,22.0,10,467.0,3.0,9.0,0.0,0.0,7.0,0.0,0.0,16520.0,0.81,2814.0,21.0,0.61,1.0,0.6,True,1666.666667,0.0,0.0,0.0,0.0,0.0,0.0,0.0,1500,58.06,0,0,0.0,19,13
36,1,0.3199,1.0,4.0,Debt,MO,Employed,131.0,True,640.0,13.0,11.0,53.0,8,251.0,4.0,5.0,0.0,0.0,0.0,0.0,0.0,8403.0,0.84,1360.0,36.0,1.0,2.0,0.31,True,4333.333333,0.0,0.0,0.0,0.0,0.0,0.0,0.0,4000,174.2,0,0,0.0,56,19
36,1,0.1385,5.0,8.0,Debt,TX,Full-time,2.0,True,740.0,12.0,9.0,35.0,5,216.0,2.0,7.0,0.0,0.0,0.0,0.0,0.0,10597.0,0.54,9003.0,34.0,1.0,0.0,0.36,True,4583.333333,0.0,0.0,0.0,0.0,0.0,0.0,0.0,5500,187.58,0,0,0.0,170,14
36,1,0.0995,4.0,6.0,Unknown,Unknown,Full-time,33.0,False,680.0,6.0,5.0,10.0,4,205.0,0.0,6.0,0.0,0.0,1.0,0.0,0.0,4936.0,0.56,604.0,9.0,0.66,1.0,0.11,True,4500.0,0.0,0.0,0.0,0.0,0.0,0.0,0.0,3000,96.73,0,0,0.0,111,23
36,0,0.198,4.0,6.0,Debt,NC,Full-time,18.0,False,700.0,1.0,1.0,13.0,1,0.0,0.0,1.0,7.0,7312.0,5.0,1.0,0.0,0.0,0.0,20000.0,9.0,0.33,0.0,0.06,True,3333.333333,0.0,0.0,0.0,0.0,0.0,0.0,0.0,5000,185.31,0,0,0.0,134,15
36,0,0.3177,1.0,6.0,Debt,CA,Employed,11.0,False,640.0,10.0,8.0,15.0,7,245.0,3.0,3.0,0.0,0.0,0.0,0.0,0.0,5878.0,0.27,4185.0,11.0,1.0,2.0,0.32,True,2640.0,0.0,0.0,0.0,0.0,0.0,0.0,0.0,4000,173.71,0,0,0.0,39,11
60,0,0.1845,5.0,8.0,Debt,GA,Employed,11.0,False,680.0,4.0,1.0,5.0,1,0.0,0.0,2.0,0.0,0.0,1.0,0.0,0.0,3866.0,0.14,22734.0,5.0,0.6,0.0,0.12,True,4583.333333,0.0,0.0,0.0,0.0,0.0,0.0,0.0,15000,384.58,0,0,0.0,75,11
36,0,0.35,4.0,6.0,Debt,MD,Full-time,4.0,False,580.0,6.0,6.0,11.0,5,75.0,4.0,13.0,2.0,150.0,0.0,0.0,0.0,716.0,0.34,1048.0,10.0,0.81,0.0,0.12,True,3333.333333,0.0,0.0,0.0,0.0,0.0,0.0,0.0,1500,67.85,0,0,0.0,22,16
36,1,0.2,4.0,6.0,Unknown,CA,Full-time,25.0,False,600.0,24.0,20.0,44.0,17,1594.0,4.0,11.0,0.0,0.0,0.0,0.0,0.0,66427.0,0.87,9282.0,43.0,0.97,1.0,0.44,True,7500.166667,0.0,0.0,0.0,0.0,0.0,0.0,0.0,15000,557.45,0,0,0.0,309,37
36,1,0.24,2.0,9.0,Business,MO,Self-employed,90.0,False,620.0,11.0,10.0,16.0,7,925.0,0.0,2.0,0.0,0.0,0.0,0.0,0.0,30969.0,0.98,531.0,14.0,1.0,1.0,0.007844431113777244,False,5000.0,1.0,17.0,17.0,0.0,0.0,2500.0,1456.99,1000,39.23,0,0,0.0,60,20
36,0,0.26,4.0,6.0,Unknown,GA,Full-time,74.0,True,600.0,12.0,8.0,18.0,8,159.0,3.0,12.0,0.0,0.0,4.0,0.0,0.0,3989.0,0.83,875.0,16.0,0.68,0.0,0.21,True,3711.5,0.0,0.0,0.0,0.0,0.0,0.0,0.0,11000,443.2,0,0,0.0,109,16
36,0,0.252,4.0,6.0,Unknown,CA,Self-employed,0.0,False,560.0,4.0,1.0,29.0,3,23.0,1.0,5.0,5.0,22922.0,47.0,0.0,0.0,247.0,0.0,0.0,21.0,0.54,0.0,0.15,True,4666.666667,0.0,0.0,0.0,0.0,0.0,0.0,0.0,3500,139.53,0,0,0.0,74,28
36,1,0.35,2.0,6.0,Student,NY,Part-time,71.0,False,680.0,13.0,13.0,19.0,2,16.0,1.0,2.0,0.0,0.0,0.0,0.0,0.0,418.0,0.24,1282.0,17.0,0.64,0.0,1.74,True,750.0,0.0,0.0,0.0,0.0,0.0,0.0,0.0,3500,158.33,0,0,0.0,36,23
36,0,0.1045,4.0,6.0,Debt,MS,Full-time,8.0,True,660.0,15.0,9.0,45.0,4,117.0,0.0,4.0,2.0,424.0,38.0,1.0,0.0,1972.0,0.25,5183.0,40.0,0.61,0.0,0.37,True,4333.333333,0.0,0.0,0.0,0.0,0.0,0.0,0.0,7499,243.56,0,0,0.0,134,18
12,1,0.2669,2.0,5.0,Other,CA,Employed,28.0,False,660.0,8.0,6.0,61.0,1,0.0,3.0,4.0,0.0,0.0,8.0,0.0,0.0,0.0,0.0,0.0,51.0,0.88,1.0,0.11,True,31666.666667,0.0,0.0,0.0,0.0,0.0,0.0,0.0,7500,719.0,0,0,0.0,98,21
36,1,0.14,4.0,6.0,Unknown,OH,Full-time,5.0,False,680.0,5.0,5.0,14.0,5,373.0,2.0,9.0,0.0,0.0,0.0,0.0,0.0,12091.0,0.65,6488.0,12.0,0.84,0.0,0.26,True,3500.0,0.0,0.0,0.0,0.0,0.0,0.0,0.0,11600,396.46,1,0,0.0,273,14
36,0,0.3,4.0,6.0,Debt,OH,Full-time,77.0,False,520.0,10.0,10.0,11.0,9,260.0,3.0,5.0,0.0,0.0,0.0,0.0,0.0,5419.0,0.83,749.0,11.0,1.0,3.0,0.25,True,2333.333333,0.0,0.0,0.0,0.0,0.0,0.0,0.0,1000,42.45,0,0,0.0,30,13
36,0,0.3199,2.0,4.0,Debt,CA,Employed,54.0,True,760.0,12.0,12.0,15.0,10,126.0,6.0,13.0,0.0,0.0,0.0,0.0,0.0,2506.0,0.18,10298.0,15.0,0.93,1.0,0.22,True,2083.333333,0.0,0.0,0.0,0.0,0.0,0.0,0.0,7500,326.62,0,0,0.0,118,8
60,0,0.2632,3.0,4.0,Debt,MO,Employed,34.0,True,640.0,9.0,7.0,73.0,3,196.0,0.0,4.0,0.0,0.0,17.0,1.0,0.0,2860.0,1.04,0.0,54.0,0.87,2.0,0.25,True,6250.0,1.0,9.0,8.0,1.0,0.0,5000.0,4103.67,7307,220.16,0,0,0.0,11,21
36,0,0.16,4.0,6.0,Unknown,AL,Full-time,49.0,True,640.0,5.0,4.0,20.0,1,34.0,2.0,8.0,4.0,4214.0,11.0,0.0,0.0,1266.0,0.0,0.0,15.0,0.5,0.0,0.15,True,6000.0,0.0,0.0,0.0,0.0,0.0,0.0,0.0,5000,175.79,0,0,0.0,185,27
36,0,0.1599,5.0,7.0,Auto,FL,Employed,131.0,False,740.0,3.0,2.0,5.0,2,30.0,1.0,2.0,0.0,0.0,0.0,0.0,0.0,742.0,0.67,358.0,5.0,1.0,1.0,0.05,True,3166.666667,0.0,0.0,0.0,0.0,0.0,0.0,0.0,4000,140.61,0,0,0.0,87,19
36,1,0.0899,4.0,6.0,Unknown,MI,Full-time,39.0,False,700.0,4.0,3.0,5.0,3,81.0,3.0,7.0,0.0,0.0,0.0,0.0,0.0,3131.0,0.3,7269.0,5.0,1.0,1.0,0.06,True,1906.6666670000002,0.0,0.0,0.0,0.0,0.0,0.0,0.0,1025,32.59,0,0,0.0,56,9
60,1,0.2398,4.0,7.0,Debt,GA,Employed,37.0,True,720.0,14.0,12.0,24.0,9,316.0,0.0,2.0,0.0,0.0,0.0,0.0,0.0,9674.0,0.6,5070.0,23.0,0.78,0.0,0.3,True,6500.0,0.0,0.0,0.0,0.0,0.0,0.0,0.0,25000,718.91,0,0,0.0,296,15
36,1,0.1679,5.0,5.0,Taxes,LA,Employed,85.0,True,700.0,5.0,3.0,54.0,4,320.0,2.0,7.0,0.0,0.0,8.0,0.0,0.0,11900.0,0.61,7400.0,52.0,0.67,0.0,0.13,True,7666.666667,1.0,35.0,35.0,0.0,0.0,1000.0,0.01,18000,639.87,1,0,0.0,1,32
36,1,0.1024,4.0,6.0,Unknown,IL,Full-time,181.0,True,720.0,11.0,9.0,20.0,5,381.0,1.0,2.0,0.0,0.0,0.0,1.0,0.0,33379.0,0.79,8241.0,18.0,0.94,1.0,0.21,True,6750.0,0.0,0.0,0.0,0.0,0.0,0.0,0.0,10000,323.8,0,0,0.0,221,19
12,1,0.2499,3.0,6.0,Debt,AR,Employed,84.0,True,700.0,13.0,13.0,48.0,11,609.0,2.0,4.0,0.0,0.0,0.0,0.0,0.0,20234.0,0.7,6690.0,21.0,0.76,0.0,0.28,True,3755.416667,0.0,0.0,0.0,0.0,0.0,0.0,0.0,2000,166.81,0,0,0.0,42,16
36,1,0.1299,5.0,8.0,Debt,NY,Employed,88.0,False,740.0,10.0,9.0,58.0,5,217.0,0.0,0.0,0.0,0.0,0.0,0.0,0.0,9229.0,0.61,5590.0,34.0,1.0,0.0,0.22,True,8333.333333,1.0,3.0,3.0,0.0,0.0,3000.0,0.0,7500,252.67,0,0,0.0,149,17
60,1,0.222,4.0,5.0,Medical,MI,Employed,84.0,False,700.0,10.0,5.0,37.0,4,58.0,5.0,16.0,0.0,0.0,6.0,0.0,0.0,1072.0,0.09,10628.0,31.0,0.87,1.0,0.15,True,4583.333333,3.0,4.0,4.0,0.0,0.0,21500.0,0.02,8000,221.86,0,0,0.0,22,20
36,1,0.1699,4.0,8.0,Reno,MA,Employed,22.0,False,700.0,7.0,5.0,18.0,5,89.0,3.0,6.0,0.0,0.0,13.0,0.0,0.0,41.0,0.01,2290.0,16.0,0.75,0.0,0.05,True,10416.666667,2.0,30.0,27.0,3.0,0.0,2700.0,686.88,7000,249.53,0,0,0.0,105,15
36,1,0.3099,2.0,1.0,Reno,CA,Full-time,25.0,True,640.0,8.0,7.0,17.0,6,283.0,5.0,21.0,0.0,0.0,4.0,1.0,0.0,5214.0,0.51,805.0,15.0,0.93,1.0,0.03171524112278415,False,10166.666667,2.0,28.0,27.0,1.0,0.0,4551.0,0.02,7500,322.47,1,0,0.0,83,16
60,0,0.261,3.0,3.0,Business,NY,Self-employed,122.0,False,680.0,2.0,2.0,26.0,1,0.0,0.0,1.0,1.0,0.0,2.0,0.0,0.0,5772.0,0.24,17428.0,5.0,0.6,0.0,0.07085498346717052,False,6350.0,1.0,9.0,9.0,0.0,0.0,4000.0,3323.59,15000,450.0,0,0,0.0,14,11
36,1,0.127,6.0,9.0,Other,NC,Employed,316.0,True,760.0,5.0,5.0,21.0,4,162.0,0.0,1.0,0.0,0.0,1.0,0.0,0.0,4425.0,0.43,5725.0,16.0,0.75,0.0,0.13,True,6000.0,0.0,0.0,0.0,0.0,0.0,0.0,0.0,19000,637.44,0,0,0.0,306,18
36,0,0.3495,4.0,6.0,Personal,IL,Full-time,176.0,True,620.0,8.0,8.0,28.0,7,358.0,3.0,9.0,0.0,0.0,40.0,3.0,0.0,12124.0,1.01,98.0,28.0,0.46,0.0,0.35,True,2333.333333,0.0,0.0,0.0,0.0,0.0,0.0,0.0,2500,113.02,0,0,0.0,25,31
36,1,0.06,7.0,10.0,Debt,OH,Full-time,15.0,True,780.0,11.0,10.0,39.0,8,143.0,0.0,3.0,0.0,0.0,0.0,0.0,0.0,3052.0,0.14,10008.0,25.0,0.88,1.0,0.18,True,4166.666667,1.0,8.0,8.0,0.0,0.0,7200.0,0.0,1500,45.63,0,0,0.0,94,18
60,1,0.1396,6.0,9.0,Auto,MD,Employed,48.0,False,760.0,4.0,4.0,15.0,5,135.0,1.0,1.0,0.0,0.0,0.0,0.0,0.0,5424.0,0.19,15291.0,14.0,1.0,0.0,0.16,True,2083.333333,0.0,0.0,0.0,0.0,0.0,0.0,0.0,8500,197.6,0,0,0.0,23,23
36,0,0.1415,4.0,6.0,Business,TN,Full-time,25.0,True,600.0,5.0,5.0,8.0,5,106.0,1.0,9.0,0.0,0.0,0.0,0.0,0.0,1689.0,0.75,545.0,6.0,0.83,0.0,0.05,True,5166.666667,0.0,0.0,0.0,0.0,0.0,0.0,0.0,4500,154.13,0,0,0.0,133,11
36,0,0.139,6.0,9.0,Debt,AZ,Employed,9.0,True,720.0,6.0,5.0,27.0,3,620.0,2.0,3.0,0.0,0.0,0.0,0.0,0.0,12789.0,0.44,16111.0,14.0,0.71,0.0,0.12,True,7083.333333,0.0,0.0,0.0,0.0,0.0,0.0,0.0,4000,136.52,0,0,0.0,68,15
36,1,0.135,4.0,6.0,Unknown,Unknown,Full-time,18.0,True,700.0,17.0,13.0,34.0,14,2457.0,3.0,5.0,0.0,0.0,0.0,0.0,0.0,94886.0,0.94,4919.0,32.0,1.0,0.0,0.78,True,3916.666667,0.0,0.0,0.0,0.0,0.0,0.0,0.0,2400,81.44,1,0,0.0,42,26
36,1,0.22,4.0,6.0,Auto,MS,Full-time,30.0,False,540.0,5.0,3.0,13.0,1,0.0,3.0,20.0,3.0,597.0,14.0,1.0,0.0,0.0,0.0,0.0,10.0,0.63,0.0,0.29,True,3428.0,0.0,0.0,0.0,0.0,0.0,0.0,0.0,1000,38.19,2,1,52.19,31,12
36,0,0.3,4.0,6.0,Debt,CA,Full-time,27.0,False,580.0,7.0,7.0,11.0,5,175.0,5.0,7.0,0.0,0.0,5.0,0.0,0.0,2409.0,0.85,105.0,10.0,0.8,4.0,0.15,True,3750.0,0.0,0.0,0.0,0.0,0.0,0.0,0.0,3000,127.35,1,0,0.0,56,13
60,0,0.2769,2.0,3.0,Debt,OH,Employed,243.0,True,660.0,23.0,23.0,39.0,21,1507.0,5.0,8.0,0.0,0.0,0.0,0.0,0.0,48234.0,0.78,7962.0,37.0,1.0,3.0,0.14,True,13333.333333,0.0,0.0,0.0,0.0,0.0,0.0,0.0,10000,309.49,0,0,0.0,82,39
36,1,0.1274,4.0,6.0,Unknown,OH,Full-time,70.0,True,720.0,14.0,14.0,20.0,10,923.0,1.0,2.0,0.0,0.0,0.0,0.0,0.0,62301.0,0.65,32099.0,18.0,1.0,2.0,0.25,True,7644.833333,0.0,0.0,0.0,0.0,0.0,0.0,0.0,25000,839.22,0,0,0.0,496,17
36,1,0.2899,2.0,5.0,Other,GA,Employed,35.0,False,680.0,12.0,12.0,32.0,8,181.0,4.0,4.0,2.0,2386.0,0.0,1.0,0.0,2123.0,0.29,2414.0,21.0,0.72,2.0,0.29,True,2916.666667,1.0,35.0,28.0,6.0,1.0,3500.0,0.0,5500,0.0,0,0,0.0,94,22
36,1,0.2324,3.0,5.0,Debt,GA,Employed,17.0,True,620.0,8.0,8.0,28.0,7,635.0,0.0,2.0,1.0,0.0,9.0,0.0,0.0,86668.0,0.97,3084.0,23.0,0.91,0.0,0.21,True,5416.666667,1.0,10.0,10.0,0.0,0.0,4000.0,3180.43,13600,528.15,0,0,0.0,25,32
36,1,0.129,4.0,6.0,Personal,IN,Full-time,39.0,False,780.0,8.0,5.0,44.0,5,356.0,0.0,1.0,0.0,0.0,0.0,1.0,0.0,3090.0,0.04,12468.0,29.0,0.96,1.0,0.14,True,10000.0,0.0,0.0,0.0,0.0,0.0,0.0,0.0,25000,841.15,0,0,0.0,524,20
36,1,0.185,4.0,6.0,Debt,VA,Full-time,13.0,True,680.0,12.0,10.0,27.0,8,2074.0,0.0,0.0,0.0,0.0,0.0,0.0,0.0,73408.0,0.94,3638.0,24.0,1.0,0.0,0.34,True,8666.666667,0.0,0.0,0.0,0.0,0.0,0.0,0.0,25000,891.02,1,1,126.76,503,22
36,1,0.3435,2.0,5.0,Debt,LA,Employed,0.0,False,680.0,9.0,9.0,18.0,5,995.0,0.0,2.0,0.0,0.0,0.0,0.0,0.0,22268.0,0.83,4996.0,15.0,1.0,0.0,0.46,True,2666.666667,0.0,0.0,0.0,0.0,0.0,0.0,0.0,2750,123.39,0,0,0.0,83,13
36,1,0.13,4.0,6.0,Unknown,MO,Full-time,63.0,False,680.0,6.0,6.0,14.0,4,96.0,0.0,2.0,0.0,0.0,10.0,0.0,0.0,4015.0,0.49,2785.0,13.0,0.76,1.0,0.53,True,2125.0,0.0,0.0,0.0,0.0,0.0,0.0,0.0,4750,160.05,0,1,141.38,191,26
36,1,0.143,4.0,6.0,Debt,AZ,Full-time,54.0,True,600.0,14.0,14.0,30.0,11,773.0,1.0,15.0,0.0,0.0,0.0,0.0,0.0,18929.0,0.59,12689.0,27.0,0.96,1.0,0.34,True,4916.666667,0.0,0.0,0.0,0.0,0.0,0.0,0.0,5000,62.25,0,0,0.0,167,14
36,1,0.2575,3.0,7.0,Debt,OH,Retired,3.0,True,680.0,4.0,3.0,15.0,3,66.0,1.0,7.0,1.0,0.0,1.0,0.0,0.0,1039.0,0.83,253.0,15.0,0.86,1.0,0.03,True,5250.0,1.0,3.0,3.0,0.0,0.0,1500.0,0.01,2500,100.39,0,0,0.0,60,24
36,1,0.07,7.0,10.0,Other,WA,Full-time,37.0,True,800.0,9.0,9.0,40.0,9,358.0,1.0,7.0,0.0,0.0,0.0,0.0,0.0,12768.0,0.21,47732.0,37.0,0.92,0.0,0.07,True,7500.0,1.0,4.0,4.0,0.0,0.0,2500.0,0.0,5000,154.39,0,0,0.0,190,22
36,0,0.3177,1.0,5.0,Debt,NY,Not employed,6.0,False,700.0,6.0,6.0,15.0,3,65.0,0.0,0.0,0.0,0.0,0.0,0.0,0.0,800.0,1.1,0.0,10.0,0.9,0.0,173.71,False,0.0,0.0,0.0,0.0,0.0,0.0,0.0,0.0,4000,173.71,0,0,0.0,57,10
36,0,0.2025,4.0,6.0,Unknown,WA,Part-time,20.0,False,720.0,6.0,2.0,28.0,1,0.0,1.0,7.0,1.0,3921.0,24.0,0.0,0.0,0.0,0.0,5800.0,15.0,0.73,1.0,1.62,True,500.0,0.0,0.0,0.0,0.0,0.0,0.0,0.0,16300,607.84,0,0,0.0,175,20
36,1,0.135,4.0,6.0,Unknown,NJ,Full-time,43.0,False,700.0,10.0,9.0,33.0,8,374.0,3.0,4.0,0.0,0.0,0.0,0.0,0.0,16199.0,0.62,9771.0,11.0,1.0,0.0,0.54,True,2150.0,0.0,0.0,0.0,0.0,0.0,0.0,0.0,15000,509.03,0,0,0.0,247,15
36,0,0.15,4.0,6.0,Debt,CT,Self-employed,280.0,True,700.0,8.0,8.0,30.0,3,244.0,2.0,11.0,0.0,0.0,3.0,0.0,0.0,4229.0,0.47,5282.0,24.0,0.7,0.0,0.016638201707564783,False,16666.666666999998,0.0,0.0,0.0,0.0,0.0,0.0,0.0,8000,277.32,0,0,0.0,146,28
60,0,0.2489,4.0,6.0,Taxes,NY,Employed,6.0,False,720.0,13.0,10.0,25.0,10,240.0,2.0,3.0,0.0,0.0,0.0,0.0,0.0,15950.0,0.67,7608.0,24.0,0.95,0.0,0.037480403135498316,False,6250.0,0.0,0.0,0.0,0.0,0.0,0.0,0.0,8000,234.29,0,0,0.0,9,16
36,1,0.0795,4.0,6.0,Unknown,HI,Full-time,96.0,True,840.0,19.0,15.0,37.0,12,194.0,2.0,6.0,0.0,0.0,0.0,0.0,0.0,9212.0,0.03,110173.0,36.0,0.97,1.0,10.01,False,0.083333,0.0,0.0,0.0,0.0,0.0,0.0,0.0,25000,782.83,8,8,12022.32,172,39
36,0,0.1945,4.0,6.0,Personal,MO,Full-time,122.0,True,660.0,13.0,9.0,36.0,5,95.0,6.0,13.0,0.0,0.0,13.0,4.0,0.0,2893.0,0.89,194.0,29.0,0.77,4.0,0.16,True,4876.583333,1.0,11.0,10.0,1.0,0.0,7000.0,5310.61,5500,202.86,1,0,0.0,152,21
36,1,0.35,2.0,7.0,Reno,IL,Full-time,71.0,True,600.0,20.0,20.0,48.0,17,2317.0,0.0,1.0,0.0,0.0,0.0,0.0,0.0,65861.0,1.02,214.0,45.0,0.93,0.0,0.52,True,5775.0,1.0,26.0,26.0,0.0,0.0,3000.0,1050.89,3500,158.33,0,0,0.0,44,31
60,1,0.1728,6.0,9.0,Reno,OK,Employed,74.0,True,780.0,10.0,9.0,60.0,4,229.0,0.0,6.0,0.0,0.0,0.0,0.0,0.0,9108.0,0.36,15993.0,59.0,0.98,1.0,0.14,True,10833.333333,0.0,0.0,0.0,0.0,0.0,0.0,0.0,4944,123.62,0,0,0.0,41,20
36,1,0.1992,4.0,6.0,Business,NC,Full-time,3.0,False,640.0,6.0,5.0,18.0,3,51.0,4.0,9.0,2.0,5409.0,1.0,0.0,0.0,339.0,0.19,1361.0,16.0,0.81,1.0,0.17,True,6670.0,0.0,0.0,0.0,0.0,0.0,0.0,0.0,3600,133.64,1,0,0.0,110,14
36,1,0.1,4.0,6.0,Unknown,Unknown,Full-time,233.0,True,760.0,11.0,9.0,34.0,7,102.0,2.0,15.0,0.0,0.0,9.0,2.0,0.0,2817.0,0.21,9579.0,31.0,0.7,1.0,0.07,True,6916.666667,0.0,0.0,0.0,0.0,0.0,0.0,0.0,3500,112.94,0,0,0.0,49,24
36,0,0.2,4.0,6.0,Unknown,Unknown,Full-time,6.0,False,620.0,1.0,1.0,11.0,1,0.0,4.0,7.0,0.0,0.0,88.0,0.0,0.0,0.0,0.0,0.0,5.0,0.4,0.0,0.06,True,3882.5,0.0,0.0,0.0,0.0,0.0,0.0,0.0,6500,241.56,0,0,0.0,92,17
36,1,0.16,4.0,6.0,Reno,IL,Full-time,156.0,True,780.0,7.0,7.0,35.0,3,156.0,1.0,9.0,9.0,151.0,7.0,1.0,0.0,6534.0,0.14,37266.0,26.0,0.66,1.0,0.16,True,10833.333333,0.0,0.0,0.0,0.0,0.0,0.0,0.0,15000,518.4,0,0,0.0,249,27
36,0,0.1939,4.0,7.0,Debt,WA,Employed,76.0,False,620.0,13.0,8.0,28.0,7,155.0,1.0,5.0,2.0,230.0,0.0,0.0,0.0,1491.0,0.31,2436.0,25.0,0.85,2.0,0.19,True,4020.0,3.0,69.0,69.0,0.0,0.0,7800.0,0.23,2500,92.13,0,0,0.0,36,24
36,0,0.2699,3.0,6.0,Debt,GA,Employed,80.0,True,680.0,8.0,8.0,18.0,6,521.0,0.0,4.0,0.0,0.0,0.0,0.0,0.0,17959.0,0.97,461.0,15.0,1.0,0.0,0.27,True,5500.0,0.0,0.0,0.0,0.0,0.0,0.0,0.0,10000,408.2,0,0,0.0,186,19
36,1,0.1799,5.0,8.0,Debt,CA,Employed,86.0,False,680.0,2.0,2.0,18.0,2,650.0,0.0,1.0,0.0,0.0,0.0,0.0,0.0,34525.0,0.94,1895.0,17.0,1.0,0.0,0.14,True,8200.0,0.0,0.0,0.0,0.0,0.0,0.0,0.0,12380,447.5,0,0,0.0,250,20
36,0,0.35,4.0,6.0,Debt,NY,Full-time,38.0,False,540.0,10.0,9.0,14.0,7,1040.0,24.0,24.0,0.0,0.0,0.0,0.0,0.0,26795.0,1.04,1.0,13.0,1.0,2.0,0.5,True,3333.333333,0.0,0.0,0.0,0.0,0.0,0.0,0.0,1500,67.85,1,0,0.0,5,15
60,1,0.2468,4.0,7.0,Debt,NY,Employed,78.0,False,680.0,12.0,12.0,23.0,13,437.0,0.0,5.0,0.0,0.0,0.0,0.0,0.0,12998.0,0.73,2885.0,16.0,0.87,0.0,0.21,True,7500.0,0.0,0.0,0.0,0.0,0.0,0.0,0.0,15000,437.46,0,0,0.0,38,11
36,1,0.0935,4.0,6.0,Debt,NY,Full-time,47.0,False,680.0,12.0,10.0,21.0,9,623.0,0.0,5.0,0.0,0.0,4.0,0.0,0.0,19768.0,0.38,31412.0,18.0,0.77,0.0,0.2,True,7000.0,1.0,24.0,21.0,3.0,0.0,9300.0,0.0,8200,262.1,0,1,5140.0,10,20
60,1,0.3032,2.0,2.0,Debt,OR,Employed,129.0,False,700.0,7.0,7.0,34.0,8,373.0,2.0,7.0,0.0,0.0,0.0,0.0,0.0,13937.0,0.63,8013.0,34.0,0.94,2.0,0.18,True,5833.333333,0.0,0.0,0.0,0.0,0.0,0.0,0.0,4000,130.2,0,0,0.0,28,21
36,0,0.2,4.0,6.0,Unknown,GA,Full-time,37.0,True,640.0,4.0,3.0,7.0,1,0.0,2.0,5.0,2.0,9687.0,8.0,0.0,0.0,411.0,0.0,0.0,7.0,0.57,1.0,0.15,True,3750.0,0.0,0.0,0.0,0.0,0.0,0.0,0.0,5000,185.82,0,0,0.0,63,13
36,0,0.2899,2.0,6.0,Debt,MO,Employed,1.0,False,620.0,8.0,8.0,17.0,8,189.0,0.0,6.0,0.0,0.0,0.0,0.0,0.0,2866.0,0.61,691.0,11.0,1.0,2.0,0.25,True,3116.666667,1.0,9.0,9.0,0.0,0.0,1200.0,962.14,7000,293.3,0,0,0.0,104,7
36,1,0.075,4.0,6.0,Debt,CA,Full-time,14.0,False,800.0,4.0,4.0,12.0,5,131.0,0.0,0.0,0.0,0.0,0.0,0.0,0.0,5399.0,0.16,13450.0,11.0,0.9,0.0,0.1,True,2916.666667,0.0,0.0,0.0,0.0,0.0,0.0,0.0,5000,155.53,0,0,0.0,125,23
36,1,0.2566,3.0,3.0,Debt,SC,Employed,77.0,True,660.0,11.0,10.0,16.0,9,612.0,1.0,4.0,0.0,0.0,0.0,0.0,0.0,17625.0,0.85,2912.0,16.0,1.0,0.0,0.31,True,3695.833333,0.0,0.0,0.0,0.0,0.0,0.0,0.0,7000,280.77,0,0,0.0,34,14
12,1,0.2064,3.0,2.0,Debt,NY,Employed,88.0,True,780.0,6.0,6.0,20.0,7,401.0,1.0,6.0,0.0,0.0,0.0,0.0,0.0,17624.0,0.76,5429.0,19.0,1.0,0.0,0.1,True,5666.666667,0.0,0.0,0.0,0.0,0.0,0.0,0.0,2000,185.88,0,0,0.0,34,27
36,0,0.162,4.0,6.0,Auto,FL,Full-time,27.0,False,620.0,5.0,4.0,6.0,3,74.0,1.0,5.0,0.0,0.0,0.0,0.0,0.0,3063.0,0.34,5534.0,6.0,1.0,2.0,0.27,True,2133.333333,0.0,0.0,0.0,0.0,0.0,0.0,0.0,5000,176.28,1,1,50.0,163,10
36,0,0.1799,5.0,8.0,Business,SC,Employed,207.0,True,700.0,1.0,1.0,25.0,1,10.0,0.0,6.0,7.0,2687.0,17.0,1.0,0.0,166.0,0.22,584.0,22.0,0.63,0.0,0.13,True,2583.333333,0.0,0.0,0.0,0.0,0.0,0.0,0.0,3500,126.52,1,0,0.0,67,27
36,1,0.0999,6.0,8.0,Other,CA,Employed,89.0,True,800.0,21.0,19.0,48.0,13,699.0,1.0,3.0,0.0,0.0,0.0,0.0,0.0,40499.0,0.51,38312.0,42.0,1.0,0.0,0.24,True,9133.333333,0.0,0.0,0.0,0.0,0.0,0.0,0.0,6000,193.57,0,0,0.0,20,38
36,1,0.162,5.0,7.0,Debt,CA,Employed,360.0,False,640.0,13.0,13.0,53.0,13,356.0,1.0,12.0,0.0,0.0,28.0,1.0,0.0,8133.0,0.72,2053.0,50.0,0.66,1.0,0.09,True,5833.333333,0.0,0.0,0.0,0.0,0.0,0.0,0.0,5000,176.28,0,0,0.0,1,31
36,0,0.2,4.0,6.0,Unknown,CA,Self-employed,49.0,False,680.0,4.0,3.0,10.0,2,141.0,2.0,5.0,0.0,0.0,0.0,0.0,0.0,5706.0,0.62,3494.0,9.0,0.88,0.0,0.32,True,4583.333333,0.0,0.0,0.0,0.0,0.0,0.0,0.0,25000,929.09,0,0,0.0,365,16
36,1,0.127,6.0,10.0,Business,IL,Employed,56.0,False,740.0,2.0,2.0,13.0,2,87.0,0.0,0.0,0.0,0.0,1.0,0.0,0.0,2561.0,0.11,19139.0,8.0,0.87,0.0,0.07,True,2083.333333,0.0,0.0,0.0,0.0,0.0,0.0,0.0,2000,67.1,0,0,0.0,10,23
36,1,0.35,1.0,6.0,Reno,MO,Employed,227.0,False,600.0,2.0,2.0,36.0,3,31.0,0.0,1.0,1.0,221.0,24.0,1.0,0.0,497.0,0.99,3.0,33.0,0.51,0.0,0.06,True,3166.666667,1.0,20.0,19.0,1.0,0.0,1800.0,0.0,3500,158.33,0,0,0.0,91,20
36,0,0.3127,1.0,2.0,Auto,TX,Self-employed,30.0,False,720.0,3.0,2.0,3.0,1,15.0,1.0,7.0,0.0,0.0,0.0,0.0,0.0,37.0,0.03,963.0,3.0,0.66,0.0,0.030453449389492824,False,5666.666667,0.0,0.0,0.0,0.0,0.0,0.0,0.0,4000,172.6,0,0,0.0,72,7
36,0,0.125,4.0,6.0,Debt,IN,Full-time,359.0,True,680.0,15.0,12.0,51.0,9,523.0,0.0,2.0,0.0,0.0,0.0,0.0,0.0,23801.0,0.81,833.0,39.0,0.74,1.0,0.18,True,8500.0,0.0,0.0,0.0,0.0,0.0,0.0,0.0,10000,334.54,0,0,0.0,403,30
36,1,0.31,1.0,5.0,Student,OK,Full-time,49.0,False,660.0,0.0,0.0,4.0,0,0.0,0.0,0.0,1.0,75.0,0.0,0.0,0.0,0.0,0.0,0.0,4.0,0.75,0.0,0.007509636458694031,False,2204.166667,0.0,0.0,0.0,0.0,0.0,0.0,0.0,1050,16.56,0,0,0.0,17,14
36,1,0.35,1.0,4.0,Debt,CA,Full-time,244.0,False,620.0,10.0,9.0,41.0,8,186.0,1.0,10.0,0.0,0.0,6.0,0.0,0.0,3601.0,1.05,21.0,29.0,0.65,2.0,0.15,True,6683.333333,1.0,27.0,27.0,0.0,0.0,3400.0,1090.99,2200,99.52,0,0,0.0,6,23
36,1,0.1797,4.0,6.0,Unknown,CA,Full-time,240.0,False,620.0,13.0,6.0,44.0,4,149.0,6.0,15.0,0.0,0.0,8.0,1.0,0.0,3997.0,0.97,91.0,41.0,0.57,2.0,0.12,True,7250.0,0.0,0.0,0.0,0.0,0.0,0.0,0.0,3500,126.48,0,0,0.0,100,35
36,0,0.1851,4.0,6.0,Unknown,IA,Full-time,11.0,True,540.0,11.0,10.0,19.0,7,161.0,7.0,26.0,0.0,0.0,1.0,1.0,0.0,3373.0,0.91,199.0,17.0,0.82,3.0,0.22,True,2666.666667,0.0,0.0,0.0,0.0,0.0,0.0,0.0,2400,87.38,1,1,150.0,34,16
36,0,0.143,4.0,6.0,Unknown,NC,Full-time,105.0,False,640.0,5.0,4.0,14.0,3,0.0,6.0,13.0,3.0,702.0,2.0,0.0,0.0,0.0,0.0,0.0,12.0,0.64,3.0,0.12,True,3750.0,0.0,0.0,0.0,0.0,0.0,0.0,0.0,3000,102.97,0,0,0.0,61,21
36,0,0.22,4.0,6.0,Unknown,IL,Full-time,14.0,False,600.0,6.0,4.0,20.0,2,90.0,3.0,4.0,2.0,3746.0,6.0,0.0,0.0,3409.0,1.01,0.0,15.0,0.58,0.0,0.17,True,3500.0,0.0,0.0,0.0,0.0,0.0,0.0,0.0,3000,114.57,0,0,0.0,35,16
36,0,0.35,4.0,6.0,Debt,NY,Full-time,14.0,False,540.0,12.0,11.0,33.0,0,0.0,2.0,20.0,8.0,4733.0,31.0,0.0,0.0,0.0,0.0,0.0,21.0,0.47,0.0,7.9,True,3750.0,0.0,0.0,0.0,0.0,0.0,0.0,0.0,1000,45.24,0,0,0.0,13,12
36,1,0.3177,1.0,5.0,Reno,WV,Employed,51.0,False,660.0,7.0,7.0,13.0,2,271.0,0.0,0.0,0.0,0.0,0.0,0.0,0.0,12370.0,0.96,430.0,12.0,0.91,0.0,0.51,True,2500.0,0.0,0.0,0.0,0.0,0.0,0.0,0.0,4000,173.71,0,0,0.0,8,13
36,1,0.2958,2.0,8.0,Debt,NY,Employed,2.0,True,640.0,7.0,6.0,27.0,6,195.0,3.0,3.0,1.0,12979.0,27.0,0.0,0.0,3995.0,0.07,461.0,26.0,0.88,1.0,0.11,True,3750.0,0.0,0.0,0.0,0.0,0.0,0.0,0.0,4000,168.89,0,0,0.0,6,21
36,1,0.18,4.0,6.0,Unknown,AZ,Full-time,11.0,True,600.0,3.0,3.0,28.0,2,20.0,11.0,22.0,0.0,0.0,0.0,1.0,1.0,38.0,0.12,262.0,21.0,0.66,2.0,0.25,True,3120.0,0.0,0.0,0.0,0.0,0.0,0.0,0.0,5000,179.17,1,0,0.0,144,15
36,1,0.2625,3.0,8.0,Debt,FL,Full-time,92.0,True,680.0,5.0,6.0,38.0,3,123.0,0.0,8.0,2.0,2034.0,2.0,0.0,0.0,3898.0,0.72,972.0,22.0,0.9,1.0,0.07,True,6500.0,0.0,0.0,0.0,0.0,0.0,0.0,0.0,1500,60.64,0,0,0.0,43,29
36,0,0.1845,4.0,6.0,Unknown,WA,Full-time,271.0,False,720.0,13.0,8.0,44.0,5,150.0,4.0,15.0,2.0,3105.0,15.0,0.0,0.0,6354.0,0.37,10028.0,42.0,0.85,4.0,0.3,True,7029.583333,0.0,0.0,0.0,0.0,0.0,0.0,0.0,15000,545.68,0,0,0.0,153,27
36,1,0.1435,4.0,6.0,Debt,TN,Full-time,182.0,False,720.0,8.0,6.0,19.0,5,679.0,0.0,0.0,0.0,0.0,0.0,0.0,0.0,15600.0,0.52,13900.0,18.0,0.94,0.0,0.29,True,5416.666667,0.0,0.0,0.0,0.0,0.0,0.0,0.0,10000,343.48,0,0,0.0,211,20
36,1,0.21,4.0,6.0,Other,UT,Full-time,30.0,True,760.0,9.0,8.0,15.0,6,70.0,3.0,9.0,0.0,0.0,4.0,0.0,0.0,1917.0,0.14,8611.0,13.0,0.76,2.0,0.21,True,4166.666667,0.0,0.0,0.0,0.0,0.0,0.0,0.0,5000,188.38,0,0,0.0,164,12
60,1,0.2085,5.0,8.0,Debt,GA,Employed,87.0,False,720.0,24.0,22.0,56.0,23,1572.0,0.0,3.0,0.0,0.0,0.0,0.0,0.0,83074.0,0.65,39535.0,51.0,1.0,0.0,0.39,True,5843.416667,0.0,0.0,0.0,0.0,0.0,0.0,0.0,15000,404.54,0,0,0.0,103,21
36,1,0.1679,5.0,9.0,Other,MI,Employed,116.0,True,720.0,11.0,10.0,35.0,5,424.0,1.0,1.0,1.0,75.0,0.0,0.0,0.0,35777.0,0.64,16690.0,27.0,0.84,1.0,0.17,True,7083.333333,0.0,0.0,0.0,0.0,0.0,0.0,0.0,2000,71.1,0,0,0.0,16,17
36,0,0.35,4.0,6.0,Debt,OH,Full-time,6.0,False,520.0,6.0,2.0,23.0,2,100.0,4.0,7.0,14.0,3188.0,3.0,2.0,0.0,1222.0,1.06,5.0,9.0,0.31,1.0,0.14,True,3466.666667,0.0,0.0,0.0,0.0,0.0,0.0,0.0,1000,45.24,0,0,0.0,3,14
60,0,0.3304,2.0,6.0,Business,NY,Employed,42.0,False,660.0,6.0,5.0,17.0,4,145.0,1.0,5.0,5.0,5488.0,4.0,0.0,0.0,3566.0,0.22,8830.0,16.0,0.5,0.0,0.09,True,3928.083333,0.0,0.0,0.0,0.0,0.0,0.0,0.0,4000,136.98,0,0,0.0,9,11
36,1,0.2049,4.0,6.0,Unknown,Unknown,Full-time,32.0,False,640.0,20.0,8.0,37.0,8,254.0,2.0,8.0,0.0,0.0,0.0,0.0,0.0,8184.0,0.82,1670.0,35.0,1.0,4.0,0.71,True,2293.0,0.0,0.0,0.0,0.0,0.0,0.0,0.0,12000,448.96,0,0,0.0,92,16
36,1,0.093,7.0,9.0,Debt,NJ,Full-time,43.0,True,820.0,8.0,8.0,14.0,7,531.0,0.0,3.0,0.0,0.0,0.0,0.0,0.0,21254.0,0.33,42946.0,12.0,1.0,0.0,0.18,True,4833.333333,0.0,0.0,0.0,0.0,0.0,0.0,0.0,11000,351.33,0,0,0.0,378,31
36,1,0.3177,1.0,3.0,Debt,NJ,Employed,286.0,True,680.0,8.0,8.0,19.0,7,2381.0,2.0,3.0,0.0,0.0,0.0,0.0,0.0,78426.0,0.99,610.0,16.0,1.0,0.0,0.37,True,6833.333333,0.0,0.0,0.0,0.0,0.0,0.0,0.0,4000,173.71,0,0,0.0,13,29
60,1,0.2085,5.0,8.0,Other,NY,Employed,77.0,True,740.0,5.0,5.0,29.0,3,65.0,2.0,4.0,0.0,0.0,0.0,0.0,0.0,350.0,0.23,1150.0,10.0,1.0,0.0,0.16,True,3900.0,0.0,0.0,0.0,0.0,0.0,0.0,0.0,5100,137.54,0,0,0.0,29,17
36,1,0.167,4.0,6.0,Unknown,IN,Self-employed,61.0,True,600.0,3.0,3.0,7.0,1,54.0,10.0,24.0,0.0,0.0,0.0,1.0,1.0,1799.0,0.59,1201.0,5.0,0.83,1.0,0.11,True,3000.0,0.0,0.0,0.0,0.0,0.0,0.0,0.0,5000,177.52,2,1,50.0,119,17
36,1,0.092,6.0,9.0,Auto,FL,Full-time,135.0,True,740.0,12.0,11.0,46.0,9,357.0,0.0,0.0,0.0,0.0,0.0,1.0,0.0,11583.0,0.37,13475.0,19.0,1.0,1.0,0.15,True,3833.333333,0.0,0.0,0.0,0.0,0.0,0.0,0.0,4000,127.57,0,0,0.0,108,19
36,0,0.3134,1.0,4.0,Business,MI,Employed,63.0,True,680.0,17.0,14.0,48.0,11,497.0,7.0,19.0,0.0,0.0,0.0,1.0,0.0,11964.0,0.19,29017.0,37.0,0.94,0.0,0.47,True,5833.333333,1.0,12.0,12.0,0.0,0.0,15000.0,13430.28,4000,172.76,0,0,0.0,1,27
60,0,0.2804,3.0,7.0,Reno,HI,Employed,7.0,False,660.0,7.0,7.0,9.0,6,451.0,0.0,5.0,0.0,0.0,0.0,0.0,0.0,17310.0,0.63,8780.0,8.0,0.87,1.0,0.35,True,3083.333333,0.0,0.0,0.0,0.0,0.0,0.0,0.0,8500,264.86,0,0,0.0,36,6
36,0,0.28,4.0,6.0,Other,MD,Full-time,88.0,False,620.0,13.0,10.0,25.0,10,189.0,3.0,15.0,0.0,0.0,0.0,1.0,0.0,5208.0,0.71,1664.0,22.0,0.9,1.0,0.17,True,4791.666667,0.0,0.0,0.0,0.0,0.0,0.0,0.0,3200,132.36,0,0,0.0,82,19
36,1,0.2775,3.0,8.0,Other,WI,Employed,44.0,False,660.0,6.0,3.0,22.0,3,66.0,0.0,3.0,0.0,0.0,18.0,1.0,0.0,2198.0,0.95,102.0,21.0,0.66,0.0,0.11,True,3958.333333,1.0,32.0,31.0,1.0,0.0,3000.0,418.24,5000,206.14,0,0,0.0,58,18
36,0,0.3199,1.0,2.0,Debt,SD,Employed,150.0,True,700.0,17.0,16.0,53.0,14,374.0,1.0,3.0,0.0,0.0,0.0,0.0,0.0,11840.0,0.97,306.0,51.0,0.94,4.0,0.48,True,2880.0,0.0,0.0,0.0,0.0,0.0,0.0,0.0,2000,87.1,0,0,0.0,6,26
36,1,0.2005,4.0,5.0,Business,CO,Full-time,6.0,True,800.0,16.0,12.0,56.0,12,149.0,2.0,2.0,0.0,0.0,0.0,0.0,0.0,4250.0,0.11,32350.0,43.0,1.0,1.0,0.28,True,4583.333333,0.0,0.0,0.0,0.0,0.0,0.0,0.0,25000,929.73,0,0,0.0,888,21
36,1,0.3149,2.0,4.0,Debt,NY,Employed,87.0,True,680.0,12.0,8.0,20.0,7,492.0,1.0,8.0,0.0,0.0,15.0,0.0,0.0,22546.0,0.91,2063.0,18.0,0.94,0.0,0.22,True,5416.666667,0.0,0.0,0.0,0.0,0.0,0.0,0.0,3000,129.82,0,0,0.0,14,10
