"ListingKey","ListingNumber","ListingCreationDate","CreditGrade","Term","LoanStatus","ClosedDate","BorrowerAPR","BorrowerRate","LenderYield","EstimatedEffectiveYield","EstimatedLoss","EstimatedReturn","ProsperRating (numeric)","ProsperRating (Alpha)","ProsperScore","ListingCategory (numeric)","BorrowerState","Occupation","EmploymentStatus","EmploymentStatusDuration","IsBorrowerHomeowner","CurrentlyInGroup","GroupKey","DateCreditPulled","CreditScoreRangeLower","CreditScoreRangeUpper","FirstRecordedCreditLine","CurrentCreditLines","OpenCreditLines","TotalCreditLinespast7years","OpenRevolvingAccounts","OpenRevolvingMonthlyPayment","InquiriesLast6Months","TotalInquiries","CurrentDelinquencies","AmountDelinquent","DelinquenciesLast7Years","PublicRecordsLast10Years","PublicRecordsLast12Months","RevolvingCreditBalance","BankcardUtilization","AvailableBankcardCredit","TotalTrades","TradesNeverDelinquent (percentage)","TradesOpenedLast6Months","DebtToIncomeRatio","IncomeRange","IncomeVerifiable","StatedMonthlyIncome","LoanKey","TotalProsperLoans","TotalProsperPaymentsBilled","OnTimeProsperPayments","ProsperPaymentsLessThanOneMonthLate","ProsperPaymentsOneMonthPlusLate","ProsperPrincipalBorrowed","ProsperPrincipalOutstanding","ScorexChangeAtTimeOfListing","LoanCurrentDaysDelinquent","LoanFirstDefaultedCycleNumber","LoanMonthsSinceOrigination","LoanNumber","LoanOriginalAmount","LoanOriginationDate","LoanOriginationQuarter","MemberKey","MonthlyLoanPayment","LP_CustomerPayments","LP_CustomerPrincipalPayments","LP_InterestandFees","LP_ServiceFees","LP_CollectionFees","LP_GrossPrincipalLoss","LP_NetPrincipalLoss","LP_NonPrincipalRecoverypayments","PercentFunded","Recommendations","InvestmentFromFriendsCount","InvestmentFromFriendsAmount","Investors"
"1021339766868145413AB3B","193129","2007-08-26 19:09:29.263000000","C","36","Completed","2009-08-14 00:00:00",".165160",".158000",".138000","","","","","","","0","CO","Other","Self-employed","2","True","True","","2007-08-26 18:41:46.780000000","640","659","2001-10-11 00:00:00","5","4","12","1","24.000000","3","3.000000","2","472.000000","4","0","0",".000000",".000000","1500.000000","11.000000",".810000",".000000",".170000","$25,000-49,999","True","3083.333333","E33A3400205839220442E84","","","","","","","","","0","","78","19141","9425","2007-09-12 00:00:00","Q3 2007","1F3E3376408759268057EDA","330.430000","11396.140000","9425.000000","1971.140000","-133.180000",".000000",".000000",".000000",".000000","1.000000","0","0",".000000","258"
"10273602499503308B223C1","1209647","2014-02-27 08:28:07.900000000","","36","Current","",".120160",".092000",".082000",".079600",".024900",".054700","6","A","7.000000","2","CO","Professional","Employed","44","False","False","","2014-02-27 08:28:14","680","699","1996-03-18 00:00:00","14","14","29","13","389.000000","3","5.000000","0",".000000","0","1","0","3989.000000",".210000","10266.000000","29.000000","1.000000","2.000000",".180000","$50,000-74,999","True","6125.000000","9E3B37071505919926B1D82","","","","","","","","","0","","0","134815","10000","2014-03-03 00:00:00","Q1 2014","1D13370546739025387B2F4","318.930000",".000000",".000000",".000000",".000000",".000000",".000000",".000000",".000000","1.000000","0","0",".000000","1"
"0EE9337825851032864889A","81716","2007-01-05 15:00:47.090000000","HR","36","Completed","2009-12-17 00:00:00",".282690",".275000",".240000","","","","","","","0","GA","Other","Not available","","False","True","783C3371218786870A73D20","2007-01-02 14:09:10.060000000","480","499","2002-07-27 00:00:00","","","3","0",".000000","0","1.000000","1","","0","0","","","","","","","",".060000","Not displayed","True","2083.333333","6954337960046817851BCB2","","","","","","","","","0","","86","6466","3001","2007-01-17 00:00:00","Q1 2007","5F7033715035555618FA612","123.320000","4186.630000","3001.000000","1185.630000","-24.200000",".000000",".000000",".000000",".000000","1.000000","0","0",".000000","41"
"0EF5356002482715299901A","658116","2012-10-22 11:02:35.010000000","","36","Current","",".125280",".097400",".087400",".084900",".024900",".060000","6","A","9.000000","16","GA","Skilled Labor","Employed","113","True","False","","2012-10-22 11:02:32","800","819","1983-02-28 00:00:00","5","5","29","7","115.000000","0","1.000000","4","10056.000000","14","0","0","1444.000000",".040000","30754.000000","26.000000",".760000",".000000",".150000","$25,000-49,999","True","2875.000000","A0393664465886295619C51","","","","","","","","","0","","16","77296","10000","2012-11-01 00:00:00","Q4 2012","9ADE356069835475068C6D2","321.450000","5143.200000","4091.090000","1052.110000","-108.010000",".000000",".000000",".000000",".000000","1.000000","0","0",".000000","158"
"0F023589499656230C5E3E2","909464","2013-09-14 18:38:39.097000000","","36","Current","",".246140",".208500",".198500",".183160",".092500",".090660","3","D","4.000000","2","MN","Executive","Employed","44","True","False","","2013-09-14 18:38:44","680","699","2004-02-20 00:00:00","19","19","49","6","220.000000","1","9.000000","0",".000000","0","0","0","6193.000000",".810000","695.000000","39.000000",".950000","2.000000",".260000","$100,000+","True","9583.333333","A180369302188889200689E","1","11","11","0","0","11000.000000","9947.900000","","0","","6","102670","15000","2013-09-20 00:00:00","Q3 2013","36CE356043264555721F06C","563.970000","2819.850000","1563.220000","1256.630000","-60.270000",".000000",".000000",".000000",".000000","1.000000","0","0",".000000","20"
"0F05359734824199381F61D","1074836","2013-12-14 08:26:37.093000000","","60","Current","",".154250",".131400",".121400",".115670",".044900",".070770","5","B","10.000000","1","NM","Professional","Employed","82","True","False","","2013-12-14 08:26:40","740","759","1973-03-01 00:00:00","21","17","49","13","1410.000000","0","2.000000","0",".000000","0","0","0","62999.000000",".390000","86509.000000","47.000000","1.000000",".000000",".360000","$100,000+","True","8333.333333","C3D63702273952547E79520","","","","","","","","","0","","3","123257","15000","2013-12-24 00:00:00","Q4 2013","874A3701157341738DE458F","342.370000","679.340000","351.890000","327.450000","-25.330000",".000000",".000000",".000000",".000000","1.000000","0","0",".000000","1"
"0F0A3576754255009D63151","750899","2013-04-12 09:52:56.147000000","","36","Current","",".310320",".271200",".261200",".238200",".127500",".110700","2","E","2.000000","1","KS","Sales - Retail","Employed","172","False","False","","2013-04-12 09:52:53","680","699","2000-09-29 00:00:00","10","7","20","6","214.000000","0",".000000","0",".000000","0","0","0","5812.000000",".720000","1929.000000","16.000000",".680000",".000000",".270000","$25,000-49,999","True","2083.333333","CE963680102927767790520","","","","","","","","","0","","11","88353","3000","2013-04-18 00:00:00","Q2 2013","AA4535764146102879D5959","122.670000","1226.700000","604.250000","622.450000","-22.950000",".000000",".000000",".000000",".000000","1.000000","0","0",".000000","1"
"0F1035772717087366F9EA7","768193","2013-05-05 06:49:27.493000000","","36","Current","",".239390",".201900",".191900",".178300",".079900",".098400","4","C","4.000000","2","CA","Laborer","Employed","103","False","False","","2013-05-05 06:49:25","700","719","1999-02-25 00:00:00","6","6","10","5","101.000000","3","16.000000","0",".000000","0","1","0","1260.000000",".130000","2181.000000","10.000000",".800000",".000000",".240000","$25,000-49,999","True","3355.750000","0C87368108902149313D53B","","","","","","","","","0","","10","90051","10000","2013-05-13 00:00:00","Q2 2013","737F347089545035681C074","372.600000","3353.400000","1955.890000","1397.510000","-69.210000",".000000",".000000",".000000",".000000","1.000000","0","0",".000000","1"
"0F043596202561788EA13D5","1023355","2013-12-02 10:43:39.117000000","","36","Current","",".076200",".062900",".052900",".052210",".009900",".042310","7","AA","9.000000","7","IL","Food Service","Employed","269","True","False","","2013-12-02 10:43:39","820","839","1993-04-01 00:00:00","17","16","32","12","219.000000","1","6.000000","0",".000000","0","0","0","9906.000000",".110000","77696.000000","29.000000","1.000000","1.000000",".250000","$25,000-49,999","True","3333.333333","02163700809231365A56A1C","","","","","","","","","0","","3","121268","10000","2013-12-12 00:00:00","Q4 2013","49A53699682291323D04D66","305.540000","611.080000","505.580000","105.500000","-16.770000",".000000",".000000",".000000",".000000","1.000000","0","0",".000000","1"
"0F043596202561788EA13D5","1023355","2013-12-02 10:43:39.117000000","","36","Current","",".076200",".062900",".052900",".052210",".009900",".042310","7","AA","11.000000","7","IL","Food Service","Employed","269","True","False","","2013-12-02 10:43:39","820","839","1993-04-01 00:00:00","17","16","32","12","219.000000","1","6.000000","0",".000000","0","0","0","9906.000000",".110000","77696.000000","29.000000","1.000000","1.000000",".250000","$25,000-49,999","True","3333.333333","02163700809231365A56A1C","","","","","","","","","0","","3","121268","10000","2013-12-12 00:00:00","Q4 2013","49A53699682291323D04D66","305.540000","611.080000","505.580000","105.500000","-16.770000",".000000",".000000",".000000",".000000","1.000000","0","0",".000000","1"
"0F123545674891886D9F106","587746","2012-05-10 07:04:01.577000000","","60","Current","",".274620",".248900",".238900",".233200",".089000",".144200","4","C","7.000000","1","MD","Fireman","Employed","300","False","False","","2012-04-22 08:38:09","640","659","1989-11-29 00:00:00","2","2","56","4","25.000000","1","2.000000","1","253.000000","28","1","0","387.000000",".510000","363.000000","47.000000",".720000",".000000",".120000","$75,000-99,999","True","7500.000000","7C083651269973612460D6D","","","","","","","","","0","","22","65946","13500","2012-05-17 00:00:00","Q2 2012","495135444217488604DC05A","395.370000","8302.770000","2975.240000","5327.530000","-214.040000",".000000",".000000",".000000",".000000","1.000000","0","0",".000000","19"
"0F1734025150298088A5F2B","213551","2007-10-09 20:28:33.640000000","C","36","Completed","2008-01-07 00:00:00",".150330",".132500",".122500","","","","","","","0","","Waiter/Waitress","Full-time","19","False","False","","2007-10-08 13:13:44.363000000","640","659","2000-11-13 00:00:00","2","2","10","1","40.000000","3","5.000000","3","2224.000000","1","0","0","1220.000000",".320000","2580.000000","7.000000",".400000",".000000",".270000","$1-24,999","True","1666.666667","F375340302234633830A957","","","","","","","","","0","","77","20907","1000","2007-10-18 00:00:00","Q4 2007","59423376541417552B94BD3","33.810000","1011.650000","1000.000000","11.650000","-.880000",".000000",".000000",".000000",".000000","1.000000","0","0",".000000","53"
"0F1A3597143888805163EF7","1081604","2013-12-15 20:01:10.757000000","","36","Past Due (1-15 days)","",".179690",".143500",".133500",".126400",".052400",".074000","5","B","4.000000","1","AL","Sales - Retail","Employed","1","False","False","","2013-12-15 20:01:13","680","699","1996-11-09 00:00:00","9","7","29","8","290.000000","1","4.000000","0",".000000","0","0","0","8624.000000",".700000","3626.000000","20.000000","1.000000",".000000",".180000","$25,000-49,999","True","2416.666667","209F3701889728853CD17F7","","","","","","","","","3","","2","125045","4000","2014-01-07 00:00:00","Q1 2014","9F9C37005448788963E33D3","137.390000","135.817400","88.640000","47.177400","-3.400000",".000000",".000000",".000000",".000000","1.000000","0","0",".000000","1"
"0F1C3583260311305D68F87","840820","2013-07-15 16:28:28.087000000","","36","Current","",".131380",".103400",".093400",".090500",".027400",".063100","6","A","8.000000","1","AZ","Construction","Employed","98","True","False","","2013-07-11 16:51:03","740","759","2007-03-20 00:00:00","9","8","18","8","260.000000","0","2.000000","0",".000000","0","0","0","9171.000000",".320000","19129.000000","18.000000",".940000",".000000",".090000","$50,000-74,999","True","5833.333333","C7F936888258982629356F0","","","","","","","","","0","","8","96202","8500","2013-07-18 00:00:00","Q3 2013","576B35832224805087429E3","275.630000","1929.410000","1449.410000","480.000000","-46.420000",".000000",".000000",".000000",".000000","1.000000","0","0",".000000","171"
"0F353575943675863D1AFC0","757359","2013-04-19 11:17:41.700000000","","60","Current","",".116950",".094900",".084900",".082700",".022400",".060300","6","A","8.000000","1","VA","Computer Programmer","Employed","35","False","False","","2013-04-19 11:17:38","740","759","1992-07-06 00:00:00","25","22","48","20","823.000000","0","1.000000","0",".000000","0","0","0","32898.000000",".430000","42204.000000","48.000000","1.000000",".000000",".200000","$100,000+","True","10833.333333","2BEF3682506622112EC4790","","","","","","","","","0","","10","90060","19330","2013-05-13 00:00:00","Q2 2013","144D3576034103084EB07BD","415.370000","3738.330000","2428.100000","1310.230000","-138.070000",".000000",".000000",".000000",".000000",".773100","0","0",".000000","371"
"0F483544120452347F48121","577164","2012-04-10 09:14:46.297000000","","36","Defaulted","2012-12-19 00:00:00",".357970",".317700",".307700",".289600",".165000",".124600","1","HR","5.000000","13","FL","Other","Other","121","True","False","","2012-04-10 09:14:41","700","719","1999-03-08 00:00:00","10","9","18","5","300.000000","0","1.000000","0",".000000","0","1","0","9103.000000",".970000","178.000000","17.000000",".940000",".000000",".490000","$50,000-74,999","True","5500.000000","3EE2364952142596779635D","","","","","","","","","140","8","23","63982","4000","2012-04-19 00:00:00","Q2 2012","924335448287456229847ED","173.710000","521.130000","209.750000","311.380000","-9.810000",".000000","3790.250000","3790.250000",".000000","1.000000","0","0",".000000","10"
"0F4835843081468212F0892","841846","2013-07-16 12:42:48.680000000","","60","Current","",".307480",".280900",".270900",".247300",".122500",".124800","2","E","4.000000","6","CA","Professional","Full-time","133","True","False","","2013-07-16 12:42:39","640","659","2001-08-11 00:00:00","6","7","29","3","492.000000","1","3.000000","1","2469.000000","12","0","0","14030.000000","1.000000","27.000000","25.000000",".840000",".000000",".150000","$75,000-99,999","True","8291.666667","2C78368704199057024A715","3","67","67","0","0","10700.000000","4064.870000","-19","0","","8","95921","4000","2013-07-18 00:00:00","Q3 2013","5EEA342856091111796D191","124.760000","873.320000","227.070000","646.250000","-23.010000",".000000",".000000",".000000",".000000","1.000000","0","0",".000000","8"
"0FDF336575182398852A8DC","31540","2006-08-15 12:21:09.433000000","AA","36","Chargedoff","2008-05-22 00:00:00",".132020",".125000",".117500","","","","","","","0","","Professional","Not available","","True","True","EF543365873906104DC9A04","2006-08-15 10:56:13.020000000","760","779","1990-05-19 00:00:00","","","36","16","346.000000","7","17.000000","2","","0","0","","","","","","","",".120000","Not displayed","True","5833.333333","51453366538336630763636","","","","","","","","","2239","1","91","2711","10000","2006-08-22 00:00:00","Q3 2006","893E3365582060699EBBADA","334.540000","5325.330000","3987.330000","1338.000000","-54.610000",".000000","6012.650000","6012.670000","268.960000","1.000000","0","0",".000000","85"
"0FF2357105361877390B58D","716058","2013-02-20 03:48:37.470000000","","36","Current","",".125280",".097400",".087400",".084900",".024900",".060000","6","A","7.000000","1","PA","Sales - Commission","Employed","179","False","False","","2013-02-20 03:48:33","740","759","1994-12-20 00:00:00","10","9","34","7","451.000000","0","1.000000","0",".000000","0","0","0","18573.000000",".540000","15507.000000","32.000000","1.000000",".000000",".240000","$75,000-99,999","True","6250.000000","BC2D367678091765710DFF4","","","","","","","","","0","","12","85974","15000","2013-03-11 00:00:00","Q1 2013","D5E335704060526221DB3EC","482.180000","5303.980000","4121.040000","1182.940000","-121.470000",".000000",".000000",".000000",".000000","1.000000","0","0",".000000","303"
"0FFC35866018516621B0D3F","875565","2013-08-21 06:49:02.093000000","","60","Current","",".247540",".222500",".212500",".195200",".102500",".092700","3","D","8.000000","1","OR","Laborer","Employed","18","False","False","","2013-10-04 17:49:53","680","699","2007-08-13 00:00:00","15","15","24","8","331.000000","0","2.000000","0",".000000","0","0","0","3140.000000",".600000","1987.000000","20.000000","1.000000",".000000",".410000","$25,000-49,999","True","3075.000000","A02836960150183071E32AD","1","12","12","0","0","8000.000000","5786.000000","","0","","5","105323","6500","2013-10-10 00:00:00","Q4 2013","5C1F3558174611333FDE6AD","180.450000","717.837700","241.160000","476.677700","-21.610000",".000000",".000000",".000000",".000000","1.000000","0","0",".000000","1"
"101635959323992333B3C70","1011916","2013-11-22 11:35:02.987000000","","36","Current","",".167320",".131400",".121400",".115670",".044900",".070770","5","B","7.000000","1","MN","Retail Management","Employed","175","True","False","","2013-11-22 11:35:09","660","679","1984-12-06 00:00:00","9","9","23","8","548.000000","0","4.000000","0",".000000","0","1","0","20551.000000",".950000","822.000000","21.000000",".950000",".000000",".200000","$50,000-74,999","True","5166.666667","CF0237002370068126643CF","","","","","","","","","0","","4","118374","14000","2013-11-29 00:00:00","Q4 2013","EE87369998817685827DC40","472.660000","1412.940000","969.860000","443.080000","-34.110000",".000000",".000000",".000000",".000000","1.000000","0","0",".000000","1"
"1017340630713945364DA6B","241498","2007-11-30 20:33:49.227000000","D","36","Completed","2010-12-12 00:00:00",".214880",".207500",".197500","","","","","","","0","MI","Professional","Full-time","36","False","True","6C2E3384236387493493CB6","2007-11-11 14:24:41.350000000","620","639","2003-06-20 00:00:00","4","4","13","3","15.000000","0","8.000000","1","5200.000000","5","1","0","134.000000",".080000","1366.000000","6.000000",".370000",".000000",".090000","$25,000-49,999","True","3750.000000","AAE33407411466742AA4570","","","","","","","","","0","","75","23565","3000","2007-12-12 00:00:00","Q4 2007","27F53404042184361C6DCD9","112.640000","4061.050000","3000.000000","1061.050000","-51.120000",".000000",".000000",".000000",".000000","1.000000","0","0",".000000","53"
"101735700321773921526BF","706927","2013-01-30 09:36:13.783000000","","36","Current","",".353560",".313400",".303400",".276000",".157500",".118500","1","HR","2.000000","1","NY","Other","Other","68","False","False","","2013-01-30 09:36:09","700","719","1988-03-01 00:00:00","9","9","18","8","617.000000","0",".000000","0",".000000","0","1","0","10050.000000",".400000","4465.000000","17.000000",".760000",".000000","9.200000","$1-24,999","True","118.333333","8D313674169912018750992","","","","","","","","","0","","13","84693","4000","2013-02-05 00:00:00","Q1 2013","E09A35706330259139A80F8","172.760000","2073.120000","951.000000","1122.120000","-35.800000",".000000",".000000",".000000",".000000","1.000000","0","0",".000000","94"
"101B35764008108187B2EBA","758964","2013-04-22 13:29:19.073000000","","36","Defaulted","2013-12-26 00:00:00",".280320",".241900",".231900",".212600",".107500",".105100","3","D","5.000000","15","IL","Skilled Labor","Employed","3","False","False","","2013-04-22 13:29:14","680","699","1998-06-09 00:00:00","7","7","34","5","245.000000","0",".000000","0",".000000","0","0","0","7975.000000",".840000","607.000000","22.000000","1.000000",".000000",".390000","$25,000-49,999","True","2500.000000","D0623679715048926AB9F4D","","","","","","","","","193","8","11","89204","2000","2013-04-26 00:00:00","Q2 2013","93173576199169167625E6A","78.670000","236.010000","117.730000","118.280000","-4.890000",".000000","1882.270000","1882.270000",".000000","1.000000","0","0",".000000","30"
"101B3596709094692AC79C0","1046345","2013-12-03 11:34:46.127000000","","36","Current","",".198590",".162000",".152000",".142560",".064900",".077660","4","C","5.000000","1","LA","Other","Employed","91","True","False","","2013-12-03 11:34:55","660","679","1994-05-03 00:00:00","10","8","51","5","81.000000","3","10.000000","0",".000000","8","1","0","1349.000000",".170000","4770.000000","47.000000",".910000","3.000000",".160000","$25,000-49,999","True","2333.333333","AE413701157050387A7B5B7","","","","","","","","","0","","3","122689","4000","2013-12-18 00:00:00","Q4 2013","C6F33582431585711C036C6","141.020000","280.264700","173.150000","107.114700","-6.720000",".000000",".000000",".000000",".000000","1.000000","0","0",".000000","1"
"10223590888942486E3826E","950067","2013-10-02 14:31:09.157000000","","36","Current","",".301820",".262900",".252900",".230570",".127500",".103070","2","E","3.000000","15","CA","Engineer - Mechanical","Employed","15","False","False","","2013-09-21 15:33:38","680","699","2000-05-11 00:00:00","2","2","16","2","38.000000","1","4.000000","0",".000000","4","2","0","331.000000",".070000","4069.000000","10.000000",".720000","1.000000",".120000","$75,000-99,999","True","6974.000000","E2733695363511227B7135C","","","","","","","","","0","","5","105431","4000","2013-10-10 00:00:00","Q4 2013","E96236933928960773A10CB","161.780000","647.120000","302.670000","344.450000","-13.110000",".000000",".000000",".000000",".000000","1.000000","0","0",".000000","3"
"0F4F3571508214190FD75CB","713131","2013-02-12 18:07:31.690000000","","60","Completed","2013-10-22 00:00:00",".307480",".280900",".270900",".247300",".122500",".124800","2","E","3.000000","1","NY","Sales - Commission","Employed","25","False","False","","2013-02-12 18:07:23","660","679","1975-10-26 00:00:00","7","6","12","6","95.000000","2","3.000000","0",".000000","0","0","0","2033.000000",".300000","3619.000000","10.000000","1.000000","1.000000",".110000","$25,000-49,999","True","3885.916667","3B763675825568665C5122A","","","","","","","","","0","","13","85538","4000","2013-02-21 00:00:00","Q1 2013","D34635704845304767FB258","124.760000","4725.350000","4000.000000","725.350000","-25.810000",".000000",".000000",".000000",".000000","1.000000","0","0",".000000","37"
"0F5034867864161084F3789","463083","2010-06-16 16:23:44.533000000","","36","Completed","2013-07-03 00:00:00",".112960",".092000",".082000",".060800",".021000",".060800","6","A","9.000000","1","CO","Executive","Full-time","10","True","False","","2010-06-04 10:18:55","700","719","2000-04-11 00:00:00","16","16","49","11","294.000000","2","8.000000","0",".000000","0","0","0","7246.000000",".090000","30794.000000","40.000000","1.000000","2.000000",".260000","$75,000-99,999","True","6666.666667","7E583591759296638A02214","","","","","","","","","0","","45","43110","4000","2010-06-24 00:00:00","Q2 2010","B39A347662239828607EAC0",".000000","4594.480000","4000.000000","594.480000","-64.620000",".000000",".000000",".000000",".000000","1.000000","0","0",".000000","121"
"0F53359346357513247D86B","989519","2013-11-02 16:01:28.050000000","","36","Current","",".202680",".166000",".156000",".146610",".062400",".084210","4","C","4.000000","2","PA","Military Enlisted","Employed","48","True","False","","2013-11-02 16:01:30","720","739","2009-12-22 00:00:00","5","5","7","4","60.000000","0","3.000000","0",".000000","0","0","0","2919.000000",".310000","6381.000000","5.000000","1.000000",".000000",".120000","$25,000-49,999","True","3600.000000","DE4A3697562098725B01EB1","","","","","","","","","0","","4","110393","10000","2013-11-13 00:00:00","Q4 2013","0DE73588988288887B4A5BD","354.540000","6449.992100","6080.070000","369.922100","-22.560000",".000000",".000000",".000000",".000000","1.000000","0","0",".000000","1"
"0F563597161095613517437","1051243","2013-12-17 09:18:33.220000000","","36","Current","",".152230",".123900",".113900",".109000",".039900",".069100","6","A","6.000000","1","LA","Other","Employed","16","True","False","","2013-12-17 09:18:36","740","759","1973-12-01 00:00:00","24","21","50","13","533.000000","2","12.000000","0",".000000","0","1","0","17451.000000",".340000","24401.000000","47.000000",".970000","2.000000",".320000","$100,000+","True","10416.666667","A8B83704317372651543A02","","","","","","","","","0","","2","127405","35000","2014-01-16 00:00:00","Q1 2014","BD9D3700316006874885EE9","1169.030000","1157.149200","800.720000","356.429200","-29.730000",".000000",".000000",".000000",".000000","1.000000","0","0",".000000","1"
"0F57353904771934596FE9F","555213","2012-01-30 17:59:17.200000000","","36","Completed","2012-12-19 00:00:00",".127820",".099900",".089900",".089700",".038000",".051700","6","A","9.000000","20","CA","Other","Employed","44","False","False","","2012-01-30 17:59:13","740","759","1988-06-01 00:00:00","4","4","19","4","105.000000","0",".000000","1","42488.000000","10","1","0","4307.000000",".130000","25779.000000","18.000000",".720000","1.000000",".110000","$25,000-49,999","True","3750.000000","FBCE36430983505912FD996","","","","","","","","","0","","25","60054","10000","2012-02-07 00:00:00","Q1 2012","340135388011647459E80ED","322.620000","10681.270000","9994.950000","686.320000","-68.220000",".000000",".000000",".000000",".000000","1.000000","0","0",".000000","30"
"0F683558129866945165D36","643927","2012-09-21 13:37:43.210000000","","36","Current","",".357970",".317700",".307700",".289600",".162500",".127100","1","HR","5.000000","2","WI","Other","Other","44","False","False","","2012-09-21 13:37:41","680","699","1979-05-01 00:00:00","0","0","21","0",".000000","0",".000000","0",".000000","27","1","0",".000000",".000000",".000000","20.000000",".600000",".000000",".040000","$25,000-49,999","True","2250.000000","52C13661956879502774109","","","","","","","","","0","","18","75030","2000","2012-09-27 00:00:00","Q3 2012","C3EC355869195409459022F","86.850000","1476.450000","715.610000","760.840000","-23.950000",".000000",".000000",".000000",".000000","1.000000","0","0",".000000","24"
"0F683599787642317AE85C5","1132356","2014-01-10 11:19:14.947000000","","36","Current","",".163240",".127400",".117400",".112100",".042400",".069700","5","B","8.000000","1","NY","Clerical","Employed","269","True","False","","2014-01-10 11:19:17","660","679","1994-05-18 00:00:00","9","8","30","7","610.000000","0","6.000000","0",".000000","51","0","0","25224.000000",".800000","5049.000000","29.000000",".960000",".000000",".220000","$75,000-99,999","True","7000.000000","A4AC370349156606872339B","","","","","","","","","0","","2","127880","25000","2014-01-22 00:00:00","Q1 2014","6F083703053478993AB286E","839.220000","830.494000","568.710000","261.784000","-21.230000",".000000",".000000",".000000",".000000","1.000000","0","0",".000000","1"
"0F6B3496936961316AEE1B2","478891","2010-10-10 13:23:30.757000000","","36","Completed","2012-12-21 00:00:00",".081910",".078500",".068500",".055500",".013000",".055500","7","AA","10.000000","7","IL","Other","Employed","7","False","False","","2010-10-10 13:23:26","760","779","2003-12-01 00:00:00","6","3","17","3","58.000000","0","3.000000","0",".000000","0","1","0","41.000000",".010000","3859.000000","14.000000",".920000",".000000",".050000","$100,000+","True","13083.333333","91E0360126027167265496D","1","8","8","0","0","4000.000000",".010000","161","0","","41","44987","16000","2010-10-26 00:00:00","Q4 2010","133934011836722102F6685","500.280000","17544.950000","16000.000000","1544.950000","-196.820000",".000000",".000000",".000000",".000000","1.000000","0","0",".000000","326"
"0F6C3603015887476F3F015","1180690","2014-02-24 12:55:20.430000000","","36","Current","",".229660",".192000",".182000",".168100",".089900",".078200","4","C","5.000000","1","GA","","Other","426","True","False","","2014-02-06 16:59:27","640","659","1978-10-01 00:00:00","6","6","16","4","60.000000","1","5.000000","2","15543.000000","15","1","0","4175.000000",".910000","266.000000","14.000000",".750000",".000000",".170000","$25,000-49,999","True","4058.333333","0C2F3706762182722E94190","","","","","","","","","0","","1","133362","10000","2014-02-27 00:00:00","Q1 2014","7F713705008241559FA36D8","367.570000",".000000",".000000",".000000",".000000",".000000",".000000",".000000",".000000","1.000000","0","0",".000000","1"
"1092353380565801709A4A2","544093","2011-12-11 16:47:05.710000000","","36","Current","",".191080",".162100",".152100",".149500",".059500",".090000","5","B","8.000000","1","OH","Retail Management","Employed","55","False","False","","2011-12-10 08:09:01","700","719","2001-06-08 00:00:00","8","5","16","3","193.000000","0",".000000","0",".000000","0","0","0","5328.000000",".580000","3282.000000","16.000000",".870000",".000000",".200000","$25,000-49,999","True","3833.333333","EEA53637882709564813EFA","","","","","","","","","0","","27","57780","9000","2011-12-21 00:00:00","Q4 2011","6195342487999332804399C","317.350000","8251.100000","6044.100000","2207.000000","-136.140000",".000000",".000000",".000000",".000000","1.000000","0","0",".000000","14"
"1092359520343159157D1AC","1059633","2013-11-27 11:46:18.690000000","","36","Current","",".324460",".285000",".275000",".250060",".147500",".102560","2","E","2.000000","1","MN","Professional","Employed","112","True","False","","2013-11-27 11:46:26","680","699","1974-03-23 00:00:00","12","11","34","10","757.000000","3","5.000000","0",".000000","12","0","0","103263.000000",".550000","31444.000000","32.000000",".870000","2.000000",".140000","$100,000+","True","8750.000000","057C3701233443032E641FA","","","","","","","","","0","","3","121285","10000","2013-12-11 00:00:00","Q4 2013","516C36998789246407CA1E9","416.340000","832.680000","352.790000","479.890000","-16.840000",".000000",".000000",".000000",".000000","1.000000","0","0",".000000","3"
"10993590382481129382160","915698","2013-09-16 17:22:06.757000000","","36","Current","",".285440",".246900",".236900",".216500",".117500",".099000","3","D","6.000000","15","NC","Teacher","Employed","361","True","False","","2013-09-16 17:22:09","640","659","1995-01-15 00:00:00","10","9","47","6","248.000000","0","1.000000","0",".000000","52","1","0","8672.000000",".930000","578.000000","32.000000",".680000","1.000000",".310000","$25,000-49,999","True","3333.333333","FAB43694073015366865C74","","","","","","","","","0","","6","103613","5000","2013-09-30 00:00:00","Q3 2013","984D3693821243885D57B9F","197.980000","986.517800","498.900000","487.617800","-19.880000",".000000",".000000",".000000",".000000","1.000000","0","0",".000000","1"
"109A35861259973172F6548","869272","2013-08-13 16:11:17.173000000","","36","Current","",".089300",".075900",".065900",".064700",".014900",".049800","7","AA","9.000000","1","IL","Other","Other","539","True","False","","2013-08-13 16:11:05","800","819","1975-11-21 00:00:00","19","18","39","19","634.000000","1","2.000000","0",".000000","0","0","0","14038.000000",".100000","90784.000000","35.000000",".970000","1.000000",".140000","$50,000-74,999","True","6000.000000","8FC0368986109964785D639","","","","","","","","","0","","7","100006","7000","2013-08-22 00:00:00","Q3 2013","20EC358601215395612C9D6","218.030000","1308.180000","1057.130000","251.050000","-33.080000",".000000",".000000",".000000",".000000","1.000000","0","0",".000000","151"
"109D3366077649289619396","24135","2006-07-11 17:14:14.647000000","B","36","Completed","2009-10-22 00:00:00",".152110",".145000",".140000","","","","","","","0","","","","","False","False","67033364510034901E33BC7","2006-07-11 16:44:43.050000000","680","699","1994-11-01 00:00:00","","","6","4","278.000000","1","3.000000","0","","0","0","","","","","","","",".060000","Not displayed","True","9583.333333","A3A23365984305581EF2551","","","","","","","","","0","","92","1901","10000","2006-07-17 00:00:00","Q3 2006","233B336466888454129EE82","57.640000","12688.130000","10000.000000","2688.130000","-81.400000","-299.780000",".000000",".000000",".000000","1.000000","0","0",".000000","44"
"10A43601079743929992413","1167746","2014-01-27 12:02:57.523000000","","60","Current","",".196300",".172500",".162500",".151630",".072400",".079230","4","C","4.000000","1","WA","Other","Self-employed","276","False","False","","2014-01-25 10:47:25","680","699","1985-12-20 00:00:00","10","9","28","10","1233.000000","0","2.000000","0",".000000","0","0","0","61284.000000",".460000","69166.000000","28.000000","1.000000","2.000000","","$100,000+","False","12750.000000","91A33705770133108E299C1","","","","","","","","","0","","2","129161","15000","2014-01-29 00:00:00","Q1 2014","ACFF370458072043753CE79","374.810000","374.810000","162.140000","212.670000","-12.330000",".000000",".000000",".000000",".000000","1.000000","0","0",".000000","3"
"10A635483653880905FC2D6","594297","2012-05-30 11:08:43.140000000","","60","Current","",".233180",".208500",".198500",".195000",".056500",".138500","5","B","8.000000","7","MI","Other","Employed","76","True","False","","2012-05-30 07:36:55","700","719","1986-01-16 00:00:00","9","7","44","4","80.000000","1","5.000000","0",".000000","1","1","0","2460.000000",".690000","290.000000","39.000000",".760000","3.000000",".080000","$100,000+","True","9000.000000","1CCC3653208342304ED7D0E","","","","","","","","","0","","21","67402","13000","2012-06-06 00:00:00","Q2 2012","F58F35493148909748E758E","350.600000","7012.000000","2941.260000","4070.740000","-195.260000",".000000",".000000",".000000",".000000","1.000000","0","0",".000000","181"
"10AD33803102786533722BB","93263","2007-02-04 17:24:27.850000000","HR","36","Chargedoff","2008-08-08 00:00:00",".303000",".290000",".285000","","","","","","","0","","Other","Not available","","False","False","","2007-02-03 20:57:08.027000000","520","539","1997-10-24 00:00:00","","","20","0",".000000","1","9.000000","14","","3","0","","","","","","","",".270000","Not displayed","True","416.666667","2D433381278297817311230","","","","","","","","","2161","18","85","7286","1500","2007-02-09 00:00:00","Q1 2007","5CCA33798155110380A1C68","62.860000","817.180000","403.080000","414.100000","-7.140000",".000000","1096.920000","1096.920000",".000000","1.000000","0","0",".000000","15"
"10B93591610781064F9C46B","943697","2013-10-08 13:48:43.950000000","","36","Current","",".212900",".176000",".166000",".155190",".069900",".085290","4","C","6.000000","1","KS","Clergy","Employed","25","False","False","","2013-09-30 07:41:22","640","659","2005-01-01 00:00:00","9","9","15","7","152.000000","0","11.000000","0",".000000","0","0","0","5985.000000",".740000","2025.000000","15.000000",".800000",".000000",".100000","$50,000-74,999","True","4333.333333","A2043695797690049691D2F","","","","","","","","","0","","5","105413","5000","2013-10-10 00:00:00","Q4 2013","EDB63694934266244F81852","179.760000","719.040000","432.030000","287.010000","-16.300000",".000000",".000000",".000000",".000000","1.000000","0","0",".000000","5"
"0F823581900037042AC6A5E","816108","2013-06-20 09:48:03.017000000","","36","Current","",".210250",".173400",".163400",".153600",".062400",".091200","4","C","5.000000","1","WA","Professional","Employed","32","True","False","","2013-06-20 14:06:55","720","739","1982-02-01 00:00:00","14","12","31","12","1125.000000","1","3.000000","0",".000000","0","0","0","34881.000000",".910000","3041.000000","31.000000","1.000000","1.000000",".190000","$100,000+","True","8916.666667","354A3685962127703EED1B7","","","","","","","","","0","","9","94349","16000","2013-06-27 00:00:00","Q2 2013","08D33582288493177902D72","573.150000","4577.598900","2840.740000","1736.858900","-100.600000",".000000",".000000",".000000",".000000","1.000000","0","0",".000000","1"
"0F843574249889932A8662E","741867","2013-04-01 05:20:57.110000000","","60","Current","",".132270",".109900",".099900",".096500",".029900",".066600","6","A","7.000000","1","NV","Executive","Employed","28","True","False","","2013-04-01 05:20:54","740","759","1973-09-01 00:00:00","13","13","53","15","471.000000","1","6.000000","1","2629.000000","4","0","0","18590.000000",".630000","10735.000000","50.000000",".900000","1.000000",".130000","$100,000+","True","16000.000000","D6903678623932427B6BA89","","","","","","","","","0","","11","87756","25000","2013-04-10 00:00:00","Q2 2013","E44D3575059558536DE31BF","543.440000","5434.400000","3264.760000","2169.640000","-197.420000",".000000",".000000",".000000",".000000","1.000000","0","0",".000000","515"
"0F8B34281015537050D4FEC","378497","2008-08-05 19:42:49.197000000","C","36","Completed","2010-01-29 00:00:00",".171700",".150000",".140000","","","","","","","1","IL","Accountant/CPA","Full-time","32","False","True","AD9A3400384972497EDAD38","2008-08-05 19:36:35.233000000","660","679","1999-05-18 00:00:00","10","9","28","6","151.000000","1","7.000000","0",".000000","29","0","0","4519.000000",".680000","2031.000000","27.000000",".810000",".000000",".270000","$25,000-49,999","True","3166.666667","14EE3428953999691D705E3","1","9","9","0","0","6000.000000","4317.110000","0","0","","67","35508","4000","2008-08-15 00:00:00","Q3 2008","98C934028624318592C6882","138.660000","4667.640000","4000.000000","667.640000","-44.510000",".000000",".000000",".000000",".000000","1.000000","2","1","789.590000","103"
"0F8B3577039176552F6CC26","765126","2013-05-01 08:18:59.183000000","","36","Current","",".158330",".129900",".119900",".114800",".039900",".074900","6","A","8.000000","1","CO","Professional","Employed","90","True","True","52EA3425051368132B80C96","2013-05-01 08:18:52","680","699","1996-08-03 00:00:00","15","15","33","11","561.000000","2","3.000000","0",".000000","0","0","0","20812.000000",".840000","3595.000000","27.000000",".880000","2.000000",".350000","$50,000-74,999","True","5416.666667","76BB3680997666469826273","3","20","20","0","0","27000.000000","11308.140000","14","0","","10","90027","15000","2013-05-13 00:00:00","Q2 2013","78E3342690661185038B6FA","505.340000","4737.380000","3439.320000","1298.060000","-99.940000",".000000",".000000",".000000",".000000","1.000000","1","0",".000000","1"
"0F923587782964897A58B1B","875992","2013-08-20 19:25:08.830000000","","60","Current","",".175220",".151900",".141900",".135000",".047400",".087600","5","B","6.000000","1","NJ","Attorney","Employed","10","True","False","","2013-08-20 19:28:51","720","739","1994-09-01 00:00:00","19","17","41","7","846.000000","0",".000000","0",".000000","0","0","0","153812.000000",".970000","3507.000000","39.000000",".940000","1.000000",".250000","$100,000+","True","14583.333333","E60D3691534567941518FEF","","","","","","","","","0","","7","100426","15000","2013-08-28 00:00:00","Q3 2013","88CC3586699121406894A4C","358.350000","2150.097500","1034.050000","1116.047500","-62.490000",".000000",".000000",".000000",".000000","1.000000","0","0",".000000","1"
"0F9D3585166658459B9AC30","860928","2013-08-05 17:38:57.243000000","","60","Current","",".116950",".094900",".084900",".082700",".022400",".060300","6","A","10.000000","1","NV","Professional","Employed","145","True","False","","2013-08-06 11:02:24","780","799","1995-08-29 00:00:00","11","10","30","9","1010.000000","0","2.000000","0",".000000","1","0","0","42592.000000",".360000","66742.000000","26.000000",".920000",".000000",".210000","$75,000-99,999","True","7458.333333","4B7D3690967382210BC1EE9","","","","","","","","","0","","7","99129","25000","2013-08-21 00:00:00","Q3 2013","42F63584959678531EA5F76","524.920000","3149.520000","1993.020000","1156.500000","-121.870000",".000000",".000000",".000000",".000000","1.000000","0","0",".000000","481"
"0FA035965589061761C3D7A","1081059","2013-12-12 08:52:08.730000000","","60","Current","",".239840",".215000",".205000",".188280",".102500",".085780","3","D","5.000000","1","TX","Nurse (RN)","Employed","43","True","False","","2013-12-01 09:30:48","640","659","1993-10-06 00:00:00","12","11","48","10","347.000000","1","9.000000","2","579.000000","18","0","0","3706.000000",".370000","3414.000000","40.000000",".760000","1.000000",".120000","$75,000-99,999","True","7916.666667","57B83701692485453F2751B","","","","","","","","","0","","3","122926","10000","2013-12-19 00:00:00","Q4 2013","F4423700140409874BD514D","273.350000","540.809600","183.150000","357.659600","-16.910000",".000000",".000000",".000000",".000000","1.000000","0","0",".000000","1"
"0FA935298156996977CF764","536427","2011-10-30 17:25:09.443000000","","36","Current","",".202000",".179900",".169900",".166900",".059500",".107400","5","B","8.000000","1","AR","Nurse (RN)","Employed","0","True","False","","2011-10-30 17:25:05","640","659","1994-05-02 00:00:00","5","5","27","3","73.000000","1","2.000000","0",".000000","0","1","0","1287.000000",".910000","113.000000","20.000000",".950000","1.000000",".110000","$50,000-74,999","True","4853.333333","50AE363406953988501A07E","","","","","","","","","0","","28","55623","2500","2011-11-07 00:00:00","Q4 2011","DFD93530337377241316099","90.370000","2439.990000","1743.390000","696.600000","-38.690000",".000000",".000000",".000000",".000000","1.000000","0","0",".000000","51"
"0FAA357428986754861A3E6","733454","2013-03-20 14:08:52.343000000","","36","Current","",".143480",".115300",".105300",".101500",".032400",".069100","6","A","6.000000","1","MI","Other","Employed","209","True","False","","2013-03-10 17:15:33","720","739","1984-04-01 00:00:00","9","9","47","7","445.000000","0","17.000000","0",".000000","0","1","0","7465.000000",".610000","3881.000000","40.000000",".970000",".000000",".280000","$75,000-99,999","True","8166.666667","8C9F367865020548458A3B8","","","","","","","","","0","","12","87340","7000","2013-03-27 00:00:00","Q1 2013","01C73573742344881C0C482","230.930000","2540.230000","1884.630000","655.600000","-56.880000",".000000",".000000",".000000",".000000","1.000000","0","0",".000000","87"
"0FA3356960850383539D362","706745","2013-02-01 12:40:21.387000000","","36","Current","",".310320",".271200",".261200",".238200",".127500",".110700","2","E","4.000000","1","SC","Accountant/CPA","Employed","76","False","False","","2013-02-01 12:38:45","640","659","1998-11-05 00:00:00","4","4","9","3","96.000000","0","1.000000","1","67.000000","0","1","0","2599.000000",".870000","90.000000","6.000000",".710000",".000000",".170000","$25,000-49,999","True","4056.000000","0C4836737603930356A4E05","","","","","","","","","0","","13","85084","3000","2013-02-05 00:00:00","Q1 2013","4D7835689959414258DF88D","122.670000","1472.040000","748.540000","723.500000","-26.690000",".000000",".000000",".000000",".000000","1.000000","0","0",".000000","65"
"0FBC3556025226720BE6DD4","629058","2012-08-26 09:43:38.643000000","","60","Current","",".209310",".185200",".175200",".172100",".044900",".127200","5","B","5.000000","2","WI","Executive","Employed","61","True","False","","2012-08-26 09:43:36","720","739","1986-09-01 00:00:00","14","9","42","4","146.000000","5","8.000000","0",".000000","2","0","0","2972.000000",".450000","3528.000000","26.000000",".760000","1.000000",".160000","$100,000+","True","10000.000000","3DAD365965028000797A896","1","9","8","1","0","8000.000000","6384.140000","59","0","","19","73248","18000","2012-08-31 00:00:00","Q3 2012","06213530606388324B02BDB","462.190000","8304.420000","3785.210000","4519.210000","-244.020000",".000000",".000000",".000000",".000000","1.000000","0","0",".000000","4"
"0FC13592826344497AFB874","992574","2013-10-21 11:24:44.110000000","","36","Current","",".176010",".139900",".129900",".123800",".044900",".078900","5","B","7.000000","1","GA","Retail Management","Employed","51","False","False","","2013-10-21 11:24:47","660","679","1989-05-02 00:00:00","9","9","57","13","388.000000","0","2.000000","0",".000000","42","1","0","9037.000000",".570000","3538.000000","54.000000",".740000","2.000000",".220000","$25,000-49,999","True","3416.666667","E6BB3697420253017071720","","","","","","","","","0","","4","108557","10000","2013-11-01 00:00:00","Q4 2013","6AE736964638643853D80C8","341.730000","1363.087100","922.340000","440.747100","-31.780000",".000000",".000000",".000000",".000000","1.000000","0","0",".000000","1"
"0FD235896044348280704B9","894247","2013-09-16 04:38:51.517000000","","36","Current","",".224150",".187000",".177000",".164680",".077400",".087280","4","C","4.000000","1","IL","Retail Management","Employed","179","False","False","","2013-09-16 04:38:53","680","699","1997-07-21 00:00:00","7","7","19","4","151.000000","0","7.000000","0",".000000","0","1","0","4231.000000",".910000","298.000000","18.000000",".940000","1.000000",".370000","$50,000-74,999","True","4734.333333","6D883694285320666768869","","","","","","","","","0","","6","102095","15000","2013-09-19 00:00:00","Q3 2013","880F369342648811792BBB7","547.570000","2722.850000","1564.630000","1158.220000","-60.470000","-93.090000",".000000",".000000",".000000","1.000000","0","0",".000000","77"
"0FEA35330893790885F63E8","540655","2011-11-22 14:13:53.397000000","","36","Chargedoff","2013-05-22 00:00:00",".293940",".255200",".245200",".239200",".119000",".120200","3","D","5.000000","1","NY","Construction","Employed","155","True","False","","2011-12-31 13:09:59","720","739","1992-04-20 00:00:00","18","14","37","14","331.000000","7","11.000000","0",".000000","0","0","0","8477.000000",".590000","4444.000000","27.000000",".960000",".000000",".150000","$100,000+","True","9166.666667","3F2936403268585514E9BDD","","","","","","","","","414","17","26","59180","2000","2012-01-20 00:00:00","Q1 2012","42923531265816888629D0D","80.070000","890.630000","430.970000","459.660000","-17.430000",".000000","1569.030000","1569.030000",".000000","1.000000","0","0",".000000","2"
"0FF735841515827770331DF","847219","2013-07-22 08:03:33.437000000","","60","Current","",".175220",".151900",".141900",".135000",".047400",".087600","5","B","6.000000","1","IL","Clergy","Employed","89","False","False","","2013-07-22 08:03:24","720","739","1993-03-01 00:00:00","7","6","22","5","492.000000","0","3.000000","0",".000000","0","0","0","8764.000000",".320000","16098.000000","22.000000",".950000",".000000",".250000","$50,000-74,999","True","4666.666667","7BA83687804638461B3FFB1","1","1","1","0","0","15000.000000",".000000","27","0","","8","96291","8000","2013-07-24 00:00:00","Q3 2013","51843540642285675BCF4C2","191.120000","1337.840000","646.400000","691.440000","-45.520000",".000000",".000000",".000000",".000000","1.000000","0","0",".000000","82"
"100634009060155161268D8","203384","2007-09-18 13:19:02.487000000","C","36","Completed","2010-09-26 00:00:00",".167170",".160000",".150000","","","","","","","0","IL","Other","Full-time","80","False","False","","2007-09-18 12:19:28.027000000","640","659","1999-02-02 00:00:00","13","7","25","6","403.000000","2","2.000000","0",".000000","2","0","0","11540.000000",".410000","10778.000000","23.000000",".910000","1.000000",".370000","$25,000-49,999","True","2750.000000","78F93400031366889D47550","","","","","","","","","0","","78","19632","7000","2007-09-26 00:00:00","Q3 2007","D23A3400133972126A51A5C","244.470000","8861.230000","6999.800000","1861.430000","-116.330000",".000000",".000000",".000000",".000000","1.000000","0","0",".000000","193"
"101735933549003126EF74E","975109","2013-11-02 17:09:05.430000000","","60","Current","",".193230",".169500",".159500",".149630",".064900",".084730","4","C","7.000000","1","IL","Teacher","Employed","195","True","False","","2013-11-02 17:09:08","700","719","1994-06-23 00:00:00","10","9","35","8","1047.000000","0","2.000000","0",".000000","0","0","0","45348.000000",".890000","5271.000000","25.000000","1.000000","1.000000",".290000","$75,000-99,999","True","7500.000000","59783696532265529C67ABE","","","","","","","","","0","","4","110050","25000","2013-11-07 00:00:00","Q4 2013","5EF236964523876349B5414","620.640000","1850.310400","805.480000","1044.830400","-62.330000",".000000",".000000",".000000",".000000","1.000000","0","0",".000000","1"
"10223596029543318E1A9FB","1053659","2013-12-05 11:15:32.567000000","","36","Current","",".163240",".127400",".117400",".112100",".042400",".069700","5","B","8.000000","19","DE","Analyst","Employed","103","True","False","","2013-12-05 11:15:38","660","679","1988-02-01 00:00:00","6","5","62","6","76.000000","4","13.000000","20","72705.000000","72","2","0","414.000000",".190000","1215.000000","47.000000",".740000","2.000000",".030000","$75,000-99,999","True","7108.333333","D33D37012238113149FE245","2","4","4","0","0","19000.000000",".010000","","0","","3","119808","2000","2013-12-09 00:00:00","Q4 2013","390F3425936978880F70527","67.140000","133.581900","91.490000","42.091900","-3.360000",".000000",".000000",".000000",".000000","1.000000","0","0",".000000","1"
"0F183387070536545CB7D86","120164","2007-04-06 23:07:37.940000000","D","36","Chargedoff","2009-11-24 00:00:00",".237480",".230000",".210000","","","","","","","0","CA","Other","Full-time","16","False","True","B5F93364617561572C32B6D","2007-03-18 21:48:08.060000000","600","619","1998-12-04 00:00:00","12","10","24","10","1402.000000","3","6.000000","0",".000000","0","0","0","47816.000000",".890000","5874.000000","23.000000","1.000000",".000000",".590000","$50,000-74,999","True","3891.666667","0378338759198235096D61F","","","","","","","","","1688","31","83","13475","23500","2007-04-26 00:00:00","Q2 2007","E36E33838034687974BB585","909.680000","23511.660000","14754.940000","8756.720000","-324.490000","-523.490000","8787.080000","8745.060000",".000000","1.000000","0","0",".000000","384"
"0F1A336989050248528ED31","45641","2006-10-07 00:32:48.020000000","D","36","Completed","2007-04-13 00:00:00",".297760",".290000",".285000","","","","","","","0","MO","Analyst","Not available","","True","False","","2006-10-06 23:45:18.010000000","620","639","2000-05-16 00:00:00","","","34","3","376.000000","7","20.000000","0","","0","0","","","","","","","",".250000","Not displayed","True","7500.000000","CB203371350913895324563","","","","","","","","","0","","89","3919","6000","2006-10-13 00:00:00","Q4 2006","F2ED33702553061007F57C0","251.430000","6828.360000","6000.000000","828.360000","-14.280000",".000000",".000000",".000000",".000000","1.000000","0","0",".000000","41"
"0F1B35892502944590155D8","928062","2013-09-26 11:16:17.373000000","","36","Current","",".308990",".269900",".259900",".236730",".132500",".104230","2","E","4.000000","1","NJ","Sales - Commission","Employed","3","True","False","","2013-09-18 12:34:57","680","699","1999-06-14 00:00:00","8","8","17","5","370.000000","1","4.000000","0",".000000","0","0","0","11229.000000",".810000","2258.000000","15.000000",".930000",".000000",".420000","$25,000-49,999","True","3166.666667","10A236940818811691F0BA2","","","","","","","","","0","","5","105188","5000","2013-10-09 00:00:00","Q4 2013","12533694147620157C2A74E","204.100000","812.702700","374.240000","438.462700","-16.390000",".000000",".000000",".000000",".000000","1.000000","0","0",".000000","1"
"0F1B3603414231556D2BFFD","1233194","2014-03-05 13:32:18.183000000","","36","Current","",".197440",".160500",".150500",".140890",".067400",".073490","4","C","4.000000","1","CA","Other","Other","427","True","False","","2014-02-14 14:06:03","660","679","1973-10-01 00:00:00","14","14","35","15","464.000000","2","6.000000","1","52379.000000","4","0","0","15885.000000",".680000","7165.000000","34.000000",".970000","3.000000",".210000","$50,000-74,999","True","4666.666667","3FAB3707803011055B68140","","","","","","","","","0","","0","135763","15000","2014-03-07 00:00:00","Q1 2014","6AF53705675779645277758","527.730000",".000000",".000000",".000000",".000000",".000000",".000000",".000000",".000000","1.000000","0","0",".000000","1"
"0F1D338731363098438C9F5","122819","2007-04-12 17:00:57.690000000","D","36","Completed","2010-04-17 00:00:00",".168020",".150000",".120000","","","","","","","0","NE","Other","Not employed","1","False","True","EE3833815612811323B64D2","2007-03-26 12:16:26.363000000","620","639","1991-09-16 00:00:00","4","3","14","1","16.000000","0","2.000000","1","111.000000","12","1","0","1593.000000",".070000","19407.000000","13.000000",".530000",".000000",".200000","Not employed","True","860.000000","A3F63386180661716E55843","","","","","","","","","0","","83","12918","1000","2007-04-17 00:00:00","Q2 2007","344C3384310377315F39A56",".000000","1440.270000","958.400000","481.870000","-6.390000","-33.290000",".000000",".000000",".000000","1.000000","0","0",".000000","1"
"0F2535122339224397B0FB9","499401","2011-03-25 17:20:01.857000000","","12","Completed","2012-03-26 00:00:00",".358430",".266900",".256900",".245200",".130000",".115200","2","E","3.000000","1","CA","Professional","Employed","70","False","False","","2011-06-08 11:59:05","600","619","2000-09-05 00:00:00","14","13","54","14","359.000000","2","7.000000","0",".000000","0","0","0","17778.000000",".940000","955.000000","25.000000",".920000",".000000",".280000","$50,000-74,999","True","4777.000000","338F36217851092295848B8","1","12","12","0","0","6000.000000","4509.400000","-25","0","","33","50675","3000","2011-06-27 00:00:00","Q2 2011","A5423484116489237A78F52","287.600000","3394.570000","3000.000000","394.570000","-14.790000",".000000",".000000",".000000",".000000","1.000000","0","0",".000000","32"
"0F2F338417457873000F9A3","111744","2007-03-15 21:00:17.840000000","E","36","Completed","2010-03-17 00:00:00",".215540",".197000",".167000","","","","","","","0","","Nurse's Aide","Full-time","34","True","True","5EA73366320555283BA0246","2007-03-05 10:14:03.520000000","580","599","2003-09-09 00:00:00","21","15","30","6","134.000000","0","23.000000","1","169.000000","0","0","0","3735.000000",".900000","181.000000","27.000000",".920000","3.000000",".450000","$25,000-49,999","True","2750.000000","F5A23384270080447F788CB","","","","","","","","","0","","84","9365","1000","2007-03-27 00:00:00","Q1 2007","336E33820805170281F7956","37.010000","1294.980000","1000.000000","294.980000","-16.670000",".000000",".000000",".000000",".000000","1.000000","0","0",".000000","23"
"0F37360159310530849DA23","1162592","2014-01-25 12:07:54.537000000","","60","Current","",".136360",".113900",".103900",".099890",".034900",".064990","6","A","11.000000","1","IL","Investor","Self-employed","12","True","True","","2014-01-25 11:51:41","700","719","1995-08-01 00:00:00","5","5","21","3","373.000000","0","2.000000","0",".000000","0","0","0","19961.000000",".790000","5039.000000","21.000000","1.000000",".000000","","$25,000-49,999","False","2700.000000","B08137048491184083D747A","3","16","16","0","0","7861.000000",".020000","","0","","2","128889","9000","2014-01-29 00:00:00","Q1 2014","87D0340317005703964722E","197.440000","194.631500","115.990000","78.641500","-7.150000",".000000",".000000",".000000",".000000","1.000000","0","0",".000000","1"
"0F3835813277303416C07A2","818044","2013-06-21 17:53:40.493000000","","36","Current","",".242460",".204900",".194900",".180800",".082400",".098400","4","C","6.000000","1","MD","Retail Management","Employed","37","False","False","","2013-06-21 20:11:21","640","659","2005-03-31 00:00:00","12","12","22","4","140.000000","0","1.000000","0",".000000","0","0","0","7101.000000",".760000","2149.000000","12.000000","1.000000",".000000",".170000","$50,000-74,999","True","4500.000000","FD85368751014889686060E","","","","","","","","","0","","8","95011","10000","2013-07-03 00:00:00","Q3 2013","74FC3582546507228DA3455","374.140000","2987.506300","1727.540000","1259.966300","-61.760000",".000000",".000000",".000000",".000000","1.000000","0","0",".000000","1"
"0DD23561917467486206661","658787","2012-10-23 13:43:45.530000000","","36","Current","",".357970",".317700",".307700",".279900",".162500",".117400","1","HR","4.000000","13","CA","Other","Employed","141","True","False","","2012-10-23 13:43:42","760","779","1992-02-01 00:00:00","20","14","75","13","219.000000","2","11.000000","0",".000000","4","0","0","7610.000000",".390000","11195.000000","72.000000","1.000000",".000000",".530000","$25,000-49,999","True","2916.666667","668B36670958360892E4068","","","","","","","","","0","","16","77739","2774","2012-11-15 00:00:00","Q4 2012","AF7235607399347974B8110","120.470000","1807.050000","840.760000","966.290000","-30.430000",".000000",".000000",".000000",".000000",".924700","0","0",".000000","49"
"0DDD3513251820967144478","503744","2011-04-24 12:00:31.987000000","","36","Completed","2013-03-12 00:00:00",".295100",".259900",".249900",".243700",".112000",".131700","3","D","6.000000","7","FL","Other","Employed","34","False","False","","2011-04-24 12:00:18","660","679","1999-07-01 00:00:00","9","7","20","6","345.000000","2","5.000000","1","73.000000","1","1","0","11108.000000",".630000","4814.000000","18.000000",".700000",".000000",".100000","$100,000+","True","8333.333333","09F736208021494644A2285","","","","","","","","","0","","34","49827","4500","2011-05-27 00:00:00","Q2 2011","CE1735135686921923F92C5","181.280000","6139.200000","4500.000000","1639.200000","-63.070000",".000000",".000000",".000000",".000000","1.000000","0","0",".000000","49"
"0DE83585214289256D08313","842723","2013-07-17 14:06:43.230000000","","36","Current","",".265280",".227200",".217200",".200000",".097500",".102500","3","D","3.000000","1","MD","Other","Employed","84","True","False","","2013-07-17 13:16:22","700","719","1988-08-01 00:00:00","7","5","34","2","53.000000","1","2.000000","3","155578.000000","64","0","0","408.000000",".860000","55.000000","29.000000",".750000","1.000000",".110000","$50,000-74,999","True","6000.000000","42A93687580324146550779","","","","","","","","","0","","8","96152","4000","2013-07-19 00:00:00","Q3 2013","169D35079759285297B895C","154.260000","1064.820000","560.280000","504.540000","-22.200000",".000000",".000000",".000000",".000000","1.000000","0","0",".000000","40"
"0DEB351032566848818E832","496566","2011-03-04 14:21:40.320000000","","36","Chargedoff","2013-09-15 00:00:00",".356430",".319900",".309900",".295700",".147000",".148700","2","E","5.000000","7","FL","Fireman","Employed","213","True","False","","2011-03-04 14:21:29","680","699","1990-02-01 00:00:00","4","5","53","3","52.000000","1","3.000000","6","5256.000000","5","1","0","892.000000",".190000","2006.000000","50.000000",".700000","1.000000",".210000","$50,000-74,999","True","5314.250000","1A213613553764272F57CA8","","","","","","","","","298","30","36","47762","2500","2011-03-16 00:00:00","Q1 2011","897435091439358025BC0F7","108.870000","2721.750000","1468.110000","1253.640000","-39.200000",".000000","1031.890000","1031.890000",".000000","1.000000","0","0",".000000","50"
"0DF535815829610812D7705","813784","2013-06-18 15:19:26.643000000","","36","Chargedoff","2014-01-01 00:00:00",".325380",".285900",".275900",".251200",".137500",".113700","2","E","2.000000","19","KS","Skilled Labor","Employed","72","False","False","","2013-06-18 15:19:13","660","679","2000-10-26 00:00:00","8","8","15","6","162.000000","1","2.000000","0",".000000","0","1","0","3208.000000",".530000","2408.000000","14.000000","1.000000","2.000000",".260000","$50,000-74,999","True","4750.000000","134B3686263955602D5ECB3","","","","","","","","","190","6","8","94640","4000","2013-07-01 00:00:00","Q3 2013","61F03581038012348DB3750","166.730000","166.730000","69.600000","97.130000","-3.400000",".000000","3930.400000","3930.400000",".000000","1.000000","0","0",".000000","42"
"0DFD336490760860963B515","24177","2006-07-11 20:48:47.660000000","E","36","Completed","2007-08-10 00:00:00",".258610",".250000",".245000","","","","","","","0","MO","Executive","Not available","","True","True","3D4D3366260257624AB272D","2006-07-11 20:19:32.157000000","540","559","1988-08-10 00:00:00","","","27","4","164.000000","0","28.000000","3","","5","2","","","","","","","",".130000","Not displayed","True","8583.333333","A7AC33650456321694DD117","","","","","","","","","0","","92","2028","2200","2006-07-21 00:00:00","Q3 2006","42733365337281916222226","87.470000","2711.610000","2200.000000","511.610000","-10.230000",".000000",".000000",".000000",".000000","1.000000","0","0",".000000","38"
"0DFD35069860903300C7973","494156","2011-02-17 05:52:07.960000000","","36","Completed","2012-02-03 00:00:00",".131090",".109900",".099900",".098300",".049500",".048800","5","B","8.000000","6","VA","Analyst","Full-time","21","True","False","","2011-02-17 05:52:03","760","779","2000-10-03 00:00:00","15","15","36","6","210.000000","2","5.000000","0",".000000","0","0","0","7168.000000",".480000","7682.000000","28.000000","1.000000",".000000",".180000","$75,000-99,999","True","6466.666667","73133611746418789CAEC30","1","6","6","0","0","7500.000000","6406.250000","-12","0","","37","47313","5600","2011-02-24 00:00:00","Q1 2011","A462348861855137328A095","183.310000","6106.150000","5600.000000","506.150000","-46.070000",".000000",".000000",".000000",".000000","1.000000","0","0",".000000","114"
"0DFE3425061927556BB8A75","359657","2008-06-29 23:23:40.157000000","A","36","Chargedoff","2009-04-09 00:00:00",".184540",".170000",".160000","","","","","","","3","CA","Realtor","Full-time","68","True","False","","2008-06-29 23:13:04.860000000","720","739","1995-11-29 00:00:00","14","14","26","9","962.000000","4","11.000000","0",".000000","0","0","0","33572.000000",".730000","9355.000000","24.000000","1.000000","1.000000","","$0","False",".000000","B8483424568930207C77772","1","6","6","0","0","7750.000000","6725.840000","0","1918","9","68","33852","4800","2008-07-08 00:00:00","Q3 2008","D77734052911579724BCDD5","171.130000","684.520000","418.380000","266.140000","-15.660000",".000000","4381.620000","4381.620000",".000000","1.000000","0","0",".000000","115"
"0E193575764412056DAE671","755080","2013-04-16 17:23:44.230000000","","36","Current","",".242460",".204900",".194900",".180800",".082400",".098400","4","C","5.000000","1","NY","Skilled Labor","Employed","173","False","False","","2013-04-01 08:06:01","740","759","1998-06-16 00:00:00","9","6","28","5","231.000000","1","2.000000","0",".000000","0","0","0","9404.000000",".450000","11346.000000","27.000000",".960000",".000000",".230000","$75,000-99,999","True","7500.000000","70A636803286143275CDABE","","","","","","","","","0","","11","88332","22500","2013-04-18 00:00:00","Q2 2013","16EA35695252883231A0917","841.810000","8418.100000","4923.680000","3494.420000","-170.550000",".000000",".000000",".000000",".000000","1.000000","0","0",".000000","1"
"10503600874171217579DB4","1144712","2014-01-17 18:46:27.597000000","","36","Current","",".277760",".239400",".229400",".209610",".117500",".092110","3","D","4.000000","1","UT","Other","Employed","55","False","False","","2014-01-17 18:46:29","640","659","1999-07-26 00:00:00","5","4","10","4","170.000000","0","2.000000","1","7342.000000","15","0","0","5538.000000",".970000","128.000000","9.000000",".660000","1.000000",".310000","$1-24,999","True","1061.500000","856E37036439790886FF87C","","","","","","","","","0","","2","128164","4000","2014-01-22 00:00:00","Q1 2014","EC843704353572273D1DC0B","156.810000","156.810000","75.480000","81.330000","-3.400000",".000000",".000000",".000000",".000000","1.000000","0","0",".000000","25"
"105B35621274435224BDC69","671421","2012-11-15 15:28:17.097000000","","60","Current","",".122160",".100000",".090000",".088600",".012400",".076200","7","AA","10.000000","1","DC","Professional","Employed","51","False","False","","2012-11-15 15:28:14","780","799","1999-12-08 00:00:00","8","7","14","5","236.000000","0","3.000000","0",".000000","0","0","0","22554.000000",".590000","15145.000000","14.000000","1.000000","1.000000",".100000","$100,000+","True","10000.000000","1795366928190951222A81A","","","","","","","","","0","","15","78856","25000","2012-12-04 00:00:00","Q4 2012","45843506715839098E74608","531.180000","7967.700000","5142.710000","2824.990000","-282.500000",".000000",".000000",".000000",".000000","1.000000","0","0",".000000","335"
"10623584773904550935540","843206","2013-07-18 05:09:06.357000000","","36","Past Due (16-30 days)","",".332860",".293200",".283200",".257500",".142500",".115000","2","E","2.000000","7","NY","Other","Employed","47","False","False","","2013-07-18 05:08:59","600","619","2008-12-05 00:00:00","9","9","9","8","229.000000","1","5.000000","0",".000000","0","0","0","3726.000000",".760000","535.000000","9.000000",".880000","1.000000",".120000","$50,000-74,999","True","4166.666667","F0B13687249606394E0D30C","1","9","6","3","0","3000.000000","2428.260000","-71","19","","8","95823","4000","2013-07-19 00:00:00","Q3 2013","2FFD35596994704013018EA","168.320000","1006.706800","445.200000","561.506800","-19.270000",".000000",".000000",".000000",".000000","1.000000","0","0",".000000","1"
"1066354838733351352FBF8","596575","2012-06-05 14:27:23.647000000","","36","Chargedoff","2012-12-08 00:00:00",".335530",".295800",".285800",".272700",".147000",".125700","2","E","6.000000","7","GA","Accountant/CPA","Employed","117","False","False","","2012-06-05 14:27:19","660","679","2001-04-28 00:00:00","11","9","23","8","138.000000","3","3.000000","0",".000000","3","0","0","2138.000000",".050000","33982.000000","20.000000",".600000","1.000000",".350000","$25,000-49,999","True","3250.000000","D4953652835792212EE1E56","","","","","","","","","579","6","21","67600","4000","2012-06-08 00:00:00","Q2 2012","8DD835486728621644D77EC","168.890000","168.890000","71.640000","97.250000","-3.290000",".000000","3928.360000","3928.360000",".000000","1.000000","0","0",".000000","11"
"106735874092648468C4A6E","884488","2013-08-30 05:35:28.283000000","","60","Current","",".222830",".198400",".188400",".176500",".067400",".109100","4","C","5.000000","1","MA","Flight Attendant","Employed","213","True","False","","2013-08-30 07:58:35","760","779","1981-11-15 00:00:00","11","11","22","10","908.000000","3","4.000000","0",".000000","0","0","0","41278.000000",".430000","52602.000000","21.000000","1.000000",".000000",".280000","$50,000-74,999","True","5083.333333","EAEB3691261042696BB2DAF","","","","","","","","","0","","6","100706","20000","2013-09-04 00:00:00","Q3 2013","5C0B3588039711890243BDA","528.100000","3168.598800","1249.750000","1918.848800","-85.320000",".000000",".000000",".000000",".000000","1.000000","0","0",".000000","1"
"106B3599263839928396A82","1070092","2013-12-31 11:23:00.463000000","","60","Current","",".211660",".187500",".177500",".164630",".082400",".082230","4","C","4.000000","1","MN","Other","Employed","93","True","False","","2013-12-31 11:23:02","660","679","2000-06-01 00:00:00","4","4","7","2","158.000000","0","3.000000","0",".000000","0","1","0","5008.000000",".980000","50.000000","7.000000","1.000000",".000000",".190000","$25,000-49,999","True","2916.666667","48B13702746813637453470","","","","","","","","","0","","2","124230","10000","2014-01-06 00:00:00","Q1 2014","EB743701942183192B22D11","258.030000","252.893000","98.780000","154.113000","-8.490000",".000000",".000000",".000000",".000000","1.000000","0","0",".000000","1"
"1079360150757893206802F","1142410","2014-02-04 11:03:24.883000000","","36","Current","",".227730",".190500",".180500",".167170",".084900",".082270","4","C","4.000000","1","FL","Nurse (LPN)","Employed","131","True","False","","2014-02-04 11:03:28","640","659","1990-02-26 00:00:00","8","7","50","3","91.000000","1","12.000000","0",".000000","73","2","0","3120.000000",".890000","380.000000","43.000000",".720000",".000000",".190000","$50,000-74,999","True","5416.666667","828C3705232601213C8CB74","","","","","","","","","0","","1","129999","4500","2014-02-05 00:00:00","Q1 2014","D92B370560586752604A1FF","165.070000",".000000",".000000",".000000",".000000",".000000",".000000",".000000",".000000","1.000000","0","0",".000000","20"
"107D3547498442173689AFA","594208","2012-05-30 08:40:11.343000000","","36","Completed","2014-01-23 00:00:00",".339730",".299900",".289900",".276600",".149000",".127600","2","E","3.000000","1","GA","Professional","Employed","127","True","False","","2012-05-30 08:40:09","640","659","1982-06-01 00:00:00","28","28","42","25","807.000000","1","10.000000","0",".000000","30","0","0","22591.000000",".860000","3031.000000","39.000000",".890000","2.000000",".400000","$25,000-49,999","True","3333.333333","BE783651841136823C022A6","1","10","10","0","0","4000.000000","3049.250000","-13","0","","21","67158","4000","2012-06-01 00:00:00","Q2 2012","642F349566594606209C5DA","169.780000","5581.710000","4000.000000","1581.710000","-45.970000",".000000",".000000",".000000",".000000","1.000000","0","0",".000000","35"
"10803531522293214B198DF","538785","2011-11-13 20:05:58.260000000","","36","Completed","2012-05-31 00:00:00",".356430",".319900",".309900",".291700",".165000",".126700","1","HR","3.000000","7","CO","Construction","Employed","5","True","False","","2011-11-13 20:05:53","700","719","1989-07-22 00:00:00","7","6","19","3","224.000000","3","4.000000","0",".000000","0","0","0","10173.000000",".990000","43.000000","12.000000","1.000000","2.000000",".230000","$75,000-99,999","True","6250.000000","B78D3635414383063470DE8","","","","","","","","","0","","28","56294","4000","2011-11-18 00:00:00","Q4 2011","E1243530639796312A41AD5","174.200000","4650.780000","4000.000000","650.780000","-20.340000",".000000",".000000",".000000",".000000","1.000000","0","0",".000000","48"
"0FC235484386436481EDCB7","594992","2012-06-01 03:39:02.660000000","","36","Current","",".213720",".176800",".166800",".163900",".056500",".107400","5","B","8.000000","6","MD","Construction","Employed","76","False","False","","2012-06-01 03:38:58","660","679","2000-07-31 00:00:00","4","4","11","2","50.000000","2","2.000000","0",".000000","11","0","0","262.000000",".320000","538.000000","6.000000",".660000",".000000",".080000","$75,000-99,999","True","7083.333333","039F36536503013285DD282","","","","","","","","","0","","21","67641","3500","2012-06-12 00:00:00","Q2 2012","414C35482941135335A5076","125.970000","2519.400000","1713.990000","805.410000","-45.550000",".000000",".000000",".000000",".000000","1.000000","0","0",".000000","34"
"0FC333723307531761A7001","56671","2006-11-03 09:21:43.977000000","D","36","Completed","2009-03-10 00:00:00",".191780",".184500",".174500","","","","","","","0","","Clerical","Not available","","True","True","3D4D3366260257624AB272D","2006-10-25 18:48:52.517000000","600","619","1995-07-01 00:00:00","","","25","4","52.000000","0","4.000000","5","","0","0","","","","","","","",".130000","Not displayed","True","1833.333333","D8C53374343326309856587","","","","","","","","","0","","88","4647","5000","2006-11-14 00:00:00","Q4 2006","23F43372528170912B76B95","181.890000","6183.960000","5000.000000","1183.960000","-32.970000",".000000",".000000",".000000",".000000","1.000000","0","0",".000000","146"
"0FD13502904293521146412","487757","2010-12-13 09:44:54.653000000","","36","Completed","2011-12-09 00:00:00",".358580",".322000",".312000",".155700",".142000",".155700","2","E","5.000000","1","MN","Other","Employed","25","False","False","","2010-12-13 09:44:46","700","719","2008-06-29 00:00:00","5","5","11","3","38.000000","0","2.000000","0",".000000","0","0","0","1007.000000",".290000","1193.000000","5.000000","1.000000","1.000000",".300000","$25,000-49,999","True","2250.000000","EC883605836561789BAE123","","","","","","","","","0","","39","45977","3500","2010-12-20 00:00:00","Q4 2010","0A013502216942205867375","152.830000","4479.230000","3500.000000","979.230000","-25.640000",".000000",".000000",".000000",".000000","1.000000","0","0",".000000","54"
"0FE433661215082408720F0","22591","2006-07-02 11:05:02.857000000","AA","36","Completed","2007-03-01 00:00:00",".082920",".075500",".070500","","","","","","","0","","","","","True","True","A0CB3365552651755022A2E","2006-06-19 18:30:00.450000000","820","839","1987-08-31 00:00:00","","","43","12","617.000000","3","3.000000","0","","0","0","","","","","","","",".080000","Not displayed","True","10833.333333","B5683365378813542660F21","","","","","","","","","0","","92","1808","2300","2006-07-11 00:00:00","Q3 2006","6EF33364697321660ECD980","71.600000","2401.650000","2300.000000","101.650000","-6.730000",".000000",".000000",".000000",".000000","1.000000","0","0",".000000","21"
"0FEC354965230800369FB27","597761","2012-06-08 14:51:19.073000000","","60","Chargedoff","2013-02-12 00:00:00",".274620",".248900",".238900",".233200",".089000",".144200","4","C","7.000000","18","MN","Laborer","Employed","166","True","False","","2012-06-08 14:51:15","680","699","1998-08-27 00:00:00","17","15","29","11","1043.000000","0","2.000000","0",".000000","0","0","0","26085.000000",".550000","10975.000000","26.000000",".960000","2.000000",".430000","$50,000-74,999","True","5416.666667","86723652967979538AFB00F","","","","","","","","","513","8","21","67856","7000","2012-06-13 00:00:00","Q2 2012","C14035491275088458DE9F4","205.010000","615.030000","179.720000","435.310000","-17.480000",".000000","6820.280000","6820.280000",".000000","1.000000","0","0",".000000","152"
"0FEE354060248231998406E","563980","2012-02-29 11:20:32.767000000","","36","Current","",".357970",".317700",".307700",".289600",".165000",".124600","1","HR","3.000000","7","MO","Military Officer","Employed","33","True","False","","2012-02-29 11:20:27","700","719","2005-09-20 00:00:00","15","13","23","7","478.000000","1","4.000000","0",".000000","0","0","0","17878.000000",".920000","833.000000","17.000000","1.000000","3.000000",".430000","$50,000-74,999","True","5196.250000","25013645183307735D78AF0","","","","","","","","","0","","24","61584","4000","2012-03-05 00:00:00","Q1 2012","2B163539729377704DEE232","173.710000","3995.330000","2101.750000","1893.580000","-59.580000",".000000",".000000",".000000",".000000","1.000000","0","0",".000000","6"
"0FFC3601335963354A35791","1166429","2014-01-26 22:21:42.310000000","","36","Current","",".126910",".099000",".089000",".086190",".027400",".058790","6","A","8.000000","1","TX","Analyst","Employed","48","True","False","","2014-01-26 22:21:44","680","699","2003-09-06 00:00:00","10","9","18","6","422.000000","0","2.000000","0",".000000","1","1","0","15615.000000",".610000","8667.000000","18.000000",".880000","3.000000",".130000","$100,000+","True","14833.333333","074937059707627129C6652","","","","","","","","","0","","1","130355","20000","2014-02-05 00:00:00","Q1 2014","DD493703550634537F5395C","644.410000","644.410000","492.520000","151.890000","-15.340000",".000000",".000000",".000000",".000000","1.000000","0","0",".000000","1"
"1002355507716089687F6D9","621790","2012-08-07 14:29:51.537000000","","60","Current","",".237180",".212400",".202400",".198800",".059900",".138900","5","B","8.000000","1","FL","Clerical","Employed","42","False","False","","2012-08-07 14:29:46","720","739","2006-01-03 00:00:00","12","12","15","10","294.000000","0","2.000000","0",".000000","0","0","0","9760.000000",".290000","23290.000000","14.000000","1.000000","1.000000",".560000","$25,000-49,999","True","2583.333333","E8BF3658547994444E01281","","","","","","","","","0","","19","72368","15000","2012-08-15 00:00:00","Q3 2012","490F3553489414505D4BB5D","407.830000","7840.940000","3637.860000","4203.080000","-197.900000",".000000",".000000",".000000",".000000","1.000000","0","0",".000000","213"
"1008356191184551964B1C4","660557","2012-10-26 11:59:35.153000000","","36","Current","",".231210",".193900",".183900",".171400",".074900",".096500","4","C","6.000000","7","GA","Sales - Retail","Employed","30","False","False","","2012-10-26 11:59:33","640","659","2000-09-25 00:00:00","2","2","6","2","2.000000","1","4.000000","0",".000000","0","0","0",".000000",".000000",".000000","6.000000",".830000",".000000",".050000","$1-24,999","True","1500.000000","6E8636649459659581817FD","1","32","32","0","0","2000.000000",".000000","-22","0","","16","77573","2000","2012-11-07 00:00:00","Q4 2012","BC113427399739339989A4F","73.710000","1105.650000","696.110000","409.540000","-21.120000",".000000",".000000",".000000",".000000","1.000000","0","0",".000000","38"
"0F653600910253363BBD659","1164962","2014-01-26 10:13:04.513000000","","36","Current","",".171510",".135500",".125500",".119320",".047400",".071920","5","B","9.000000","1","VA","Computer Programmer","Employed","189","True","False","","2014-01-26 10:13:07","640","659","1996-02-22 00:00:00","7","5","28","2","279.000000","0",".000000","2",".000000","10","0","0","9058.000000",".900000","942.000000","19.000000",".680000",".000000",".200000","$50,000-74,999","True","6000.000000","3AFC370360000314995EA05","1","35","35","0","0","2500.000000",".000000","","0","","2","128514","4000","2014-01-28 00:00:00","Q1 2014","80033500412631566149889","135.840000","134.355100","89.810000","44.545100","-3.400000",".000000",".000000",".000000",".000000","1.000000","0","0",".000000","1"
